board_code,date,ind_avg_sentiment,ind_sentiment_std,ind_positive_ratio,ind_negative_ratio,ind_sentiment_net,ind_sentiment_consensus,stock_count,total_comments,sentiment_dispersion,idx_close,idx_open,idx_high,idx_low,idx_volume,idx_amount,idx_pct_change,ind_ma_3d,ind_sentiment_change_3d,ind_ma_5d,ind_sentiment_change_5d,ind_ma_10d,ind_sentiment_change_10d
801050,2025-02-05,-0.10725440961630682,0.15748778768454588,0.4467740415017703,0.5532259584982298,-0.10645191699645948,0.8691544339420205,15,987,1.4683572288351083,4561.87,4573.08,4574.66,4533.36,40.07935689,442.12755513,0.0,-0.10725440961630682,,-0.10725440961630682,,-0.10725440961630682,
801050,2025-02-06,-0.08319008080279368,0.17475194071913044,0.4584018820533278,0.5415981179466721,-0.08319623589334428,0.8479817553383587,15,1722,2.1006343428537932,4614.38,4566.15,4614.38,4553.19,44.75029317,509.97351475,1.1510630508979824,-0.09522224520955025,,-0.09522224520955025,,-0.09522224520955025,
801050,2025-02-07,-0.055915448737729224,0.1746038106438915,0.48589197330263606,0.5141080266973639,-0.028216053394727842,0.879231954015617,15,1466,3.1226398890737457,4668.65,4607.11,4689.22,4587.45,52.55478959,562.11015368,1.176105999072452,-0.08211997971894323,,-0.08211997971894323,,-0.08211997971894323,
801050,2025-02-10,-0.06914272249509183,0.1362018899063458,0.45507103618934397,0.5449289638106561,-0.08985792762131209,0.8773063454170644,15,1213,1.9698658801873794,4692.11,4682.51,4709.79,4662.95,45.1033043,494.17159011,0.5025007229070511,-0.06941608401187159,-0.3553391161963054,-0.07887566541298038,,-0.07887566541298038,
801050,2025-02-11,-0.1098049826042697,0.14283550713761053,0.44594098168346613,0.5540590183165339,-0.10811803663306772,0.8642663717222117,15,1650,1.300810798835794,4701.75,4707.13,4748.91,4695.48,47.89665297,536.18446066,0.205451278848967,-0.07828771794569693,0.3199287889209772,-0.08506152885123826,,-0.08506152885123826,
801050,2025-02-12,-0.13724433758835838,0.12303671678519557,0.41856147794570736,0.5814385220542927,-0.16287704410858528,0.8732798381847543,15,2185,0.8964793662688204,4672.4,4663.94,4674.52,4616.01,43.26587833,483.8859264,-0.6242356569362562,-0.10539734756257331,1.4544976511250298,-0.09105951444564855,0.2796148715874516,-0.09375866364075829,
801050,2025-02-13,-0.12845171907720956,0.11875340962263088,0.41937856197012763,0.5806214380298723,-0.1612428760597447,0.8579084676818739,15,1769,0.9244984066834541,4640.6,4671.61,4695.75,4640.6,37.16367349,423.66465761,-0.6805924150329434,-0.12516701308994588,0.8577764143772013,-0.10011184210053174,0.5440749406375851,-0.09871481441739417,
801050,2025-02-14,-0.0835900839430141,0.09589700634128771,0.4608420035011059,0.5391579964988941,-0.07831599299778816,0.9141082249293755,15,1677,1.1472294537551082,4664.33,4657.6,4688.6,4634.52,33.49057232,376.8011702,0.5113562901348789,-0.11642871353619401,-0.2387405201431747,-0.1056467691415887,0.49493719231499766,-0.09682422310809666,
801050,2025-02-17,-0.17450242563511142,0.09068205844580647,0.3896624904070197,0.6103375095929803,-0.22067501918596052,0.8439591974951359,15,2084,0.5196607331718399,4565.92,4611.36,4611.37,4544.98,41.01842161,446.71891376,-2.1098421423870084,-0.12884807621844502,0.27147267932104047,-0.12671870976959262,1.523800326889047,-0.1054551344999872,
801050,2025-02-18,-0.1533400032477416,0.11954404338485573,0.4222383552579314,0.5777616447420686,-0.15552328948413718,0.8610543650156629,15,1723,0.7796011533384155,4528.49,4565.58,4583.95,4514.7,36.512257,395.20639896,-0.8197690717314465,-0.1371441709419557,0.19375594464074264,-0.135425713898287,0.39647582114164526,-0.11024362137476262,
801050,2025-02-19,-0.19326400725053752,0.10412362029788447,0.38222664031850634,0.6177733596814936,-0.23554671936298724,0.833443317452187,15,2219,0.5387636414001494,4575.36,4538.66,4576.3,4534.39,36.37052832,425.08443836,1.0350028375904596,-0.17370214537779682,1.3120446604921638,-0.14662964783072285,0.40817472433872526,-0.1188445811381857,0.8019213190573931
801050,2025-02-20,-0.10106981352953556,0.09775828482544381,0.43411427601869285,0.5658857239813071,-0.1317714479626142,0.8946882037245857,15,2225,0.9672352348495822,4606.81,4582.05,4613.74,4564.66,38.097319,464.8150915,0.6873776052594982,-0.14922460800927154,-0.4208114118661316,-0.14115326672118805,-0.21316885242474126,-0.12063255441085989,0.21492625748407068
801050,2025-02-21,-0.12383546732133419,0.0773131178654704,0.4329471813784653,0.5670528186215348,-0.1341056372430696,0.9021799499336313,15,2529,0.6243212832140782,4593.64,4611.34,4641.59,4583.7,42.37874054,498.58180063,-0.2858811194731303,-0.13938976270046907,-0.19241251663950232,-0.14920234339685207,0.48146121501393124,-0.1274245562692204,1.2146914692964916
801050,2025-02-24,-0.10224790554505268,0.11466508846110121,0.43272464850273445,0.5672753514972655,-0.1345507029945311,0.8649065933187494,15,2304,1.1214419292977815,4597.72,4576.64,4602.04,4562.06,40.62114343,465.05518852,0.0888184533398339,-0.10905106213197413,-0.47094181167161786,-0.13475143937884032,-0.41406026206847457,-0.13073507457421646,0.4787949021288662
801050,2025-02-25,-0.16179624669973805,0.06282042286167643,0.4026086094730845,0.5973913905269155,-0.19478278105383096,0.8622677746584615,15,2981,0.3882687277552164,4554.11,4584.46,4616.53,4548.22,39.22532121,494.26174976,-0.9485136110942038,-0.1292932065220416,0.600836501518393,-0.1364426880692396,0.05514701495300112,-0.13593420098376333,0.47348729413164814
801050,2025-02-26,-0.10776404449934004,0.09797672929378308,0.43726529236893014,0.5627347076310698,-0.12546941526213973,0.8789820578720402,15,2615,0.909178286217562,4588.02,4556.28,4610.95,4556.28,41.78837771,486.97288575,0.7446021286266813,-0.12393606558137689,-0.12978045118763304,-0.11934269551900012,-0.44239982378280984,-0.13298617167486146,-0.21480152556413357
801050,2025-02-27,-0.1154859110546664,0.10863155260745068,0.4355795215447803,0.5644204784552197,-0.12884095691043937,0.8834679542050117,15,2564,0.9406476652899145,4565.84,4594.41,4596.27,4522.28,47.52740145,541.62398086,-0.4834329405713156,-0.12834873408458147,0.12946969856297708,-0.12222591502402627,0.14263504622889234,-0.13168959087260718,-0.10093915531601172
801050,2025-02-28,-0.08212132099735435,0.12804480357540438,0.4578071038343406,0.5421928961656595,-0.0843857923313189,0.9017190042513437,15,2289,1.5592150981050281,4486.84,4538.47,4553.6,4484.37,44.8022133,526.6194139,-1.7302402186673227,-0.10179042551712024,-0.4924398886103005,-0.1138830857592303,-0.33685136598013543,-0.13154271457804118,-0.017571018910102487
801080,2025-02-05,-0.10303091233701413,0.11699648013226521,0.43831428820175333,0.5616857117982467,-0.12337142359649327,0.8864939460822995,14,2464,1.135547356404743,4474.67,4496.35,4502.82,4442.78,90.01886688,2179.78247717,0.0,-0.10303091233701413,,-0.10303091233701413,,-0.10303091233701413,
801080,2025-02-06,-0.043113088084384764,0.14956078451277377,0.47377117111851946,0.5262288288814806,-0.052457657762961074,0.8746987173964264,14,3253,3.469034373507185,4649.3,4453.09,4650.08,4453.09,121.0722817,2815.55923174,3.9026341607314,-0.07307200021069944,,-0.07307200021069944,,-0.07307200021069944,
801080,2025-02-07,-0.06043889951807923,0.1302954013715679,0.4678697805132662,0.5321302194867338,-0.06426043897346756,0.9082360333272919,14,2743,2.1558202153001202,4692.07,4656.93,4773.26,4621.45,148.17360348,3328.54566813,0.9199234293334468,-0.0688609666464927,,-0.0688609666464927,,-0.0688609666464927,
801080,2025-02-10,-0.05202787906832137,0.14595917882899637,0.45827186465071,0.54172813534929,-0.08345627069858001,0.8987098359548753,14,2127,2.805403207717297,4740.13,4702.76,4742.8,4673.55,126.41973891,2704.00361326,1.0242813939263629,-0.051859955556928454,-0.49502651303195133,-0.06465269475194987,,-0.06465269475194987,
801080,2025-02-11,-0.0756274814936865,0.14829769728481135,0.45590721162351305,0.5440927883764869,-0.08818557675297388,0.8655399684199033,14,2123,1.960896943225479,4712.54,4736.83,4748.12,4679.8,118.02722829,2423.68280963,-0.5820515471094745,-0.06269808669336237,0.7541652628932931,-0.0668476521002972,,-0.0668476521002972,
801080,2025-02-12,-0.05655547690732642,0.11954653233039991,0.46569955542323516,0.5343004445767648,-0.06860088915352969,0.8922333668718044,14,3608,2.113792312746166,4838.38,4710.27,4838.6,4696.86,131.55749473,2882.20686541,2.6703221617217165,-0.0614036124897781,-0.06425369491698218,-0.05755256501435966,-0.45108244094419503,-0.0651322895681354,
801080,2025-02-13,-0.11522392484149575,0.15382098833183988,0.4341226876625018,0.5658773123374983,-0.13175462467499646,0.8475796277865653,14,2827,1.3349743861219707,4707.27,4828.58,4828.61,4706.9,121.3179571,2639.39422158,-2.7097912937801394,-0.08246896108083622,1.2146573511133778,-0.07197473236578186,1.6725973471436157,-0.07228823746432975,
801080,2025-02-14,-0.10694851603368578,0.1465778683143495,0.4373647652075154,0.5626352347924847,-0.12527046958496926,0.8673284213219229,14,2450,1.3705460697386542,4704.88,4685.96,4717.14,4655.68,104.60822616,2221.0054203,-0.0507725284506821,-0.09290930592750264,0.4141488506742619,-0.08127665566890316,0.7695311609982909,-0.07662077228549924,
801080,2025-02-17,-0.080835481660872,0.15535690562242074,0.4590841026601436,0.5409158973398565,-0.08183179467971279,0.8612194021596139,14,2710,1.9218900219360042,4771.97,4719.25,4776.66,4719.25,117.41856513,2594.59324017,1.425966230807174,-0.10100264084535117,0.4293130582795994,-0.0870381761874133,0.5536955014968301,-0.07708907332720732,
801080,2025-02-18,-0.11219323989835431,0.16250825045919154,0.43812725654011964,0.5618727434598804,-0.12374548691976066,0.8542306462782091,14,3364,1.4484673996973616,4668.04,4766.0,4800.18,4649.77,122.32609744,2589.65604721,-2.177926516721606,-0.09999241253097069,-0.026302566479231793,-0.09435132786834685,0.48349829562578206,-0.08059948998432202,
801080,2025-02-19,-0.07188597406728138,0.1780076971169248,0.44789621233491433,0.5521037876650856,-0.10420757533017125,0.8623923583840271,14,3767,2.4762507488640164,4826.49,4663.99,4827.72,4663.99,122.1513133,2781.24871304,3.3943582317203846,-0.08830489854216923,-0.32784505355231564,-0.09741742730033784,0.2710700713403229,-0.07748499615734875,-0.30228731905098205
801080,2025-02-20,-0.052757763605242716,0.1517129184143626,0.47617842378371805,0.5238215762162819,-0.04764315243256379,0.8757882789523841,14,2978,2.8756510520337217,4864.53,4835.76,4885.48,4813.62,136.22272363,2912.28213589,0.7881503950075475,-0.0789456591902928,-0.34734398161222513,-0.08492419505308724,-0.5421283932324185,-0.07844946370943455,0.22370644157942343
801080,2025-02-21,-0.07525739039571293,0.0851582716013239,0.45848466916880964,0.5415153308311903,-0.08303066166238067,0.9126063627955431,14,3371,1.1315602514723255,5032.53,4880.62,5053.88,4877.56,166.92580513,3839.18071587,3.4535710541409026,-0.066633709356079,-0.32921635506831615,-0.07858596992549267,-0.2963213218217169,-0.07993131279719792,0.24518134836655991
801080,2025-02-24,-0.0514201538140321,0.1327266097977894,0.4688077793757432,0.5311922206242569,-0.062384441248513625,0.8836235364729855,14,3508,2.5812176734790224,5030.9,5025.68,5068.0,4986.85,142.01150172,3399.42948227,-0.0323892753744115,-0.05981176927166259,-0.28469837849167046,-0.07270290435612468,-0.36389129182461755,-0.07987054027176899,-0.011680761644948467
801080,2025-02-25,-0.09484860053057165,0.14052555394982252,0.4399052304109385,0.5600947695890615,-0.12018953917812301,0.886476444458302,14,3343,1.481577515785573,5024.65,4948.47,5099.37,4943.3,136.52087216,3260.22714966,-0.1242322447275845,-0.07384204824677222,0.797813137802267,-0.06923397648256815,-0.15459611812170404,-0.0817926521754575,0.254155217881872
801080,2025-02-26,-0.10527154210618929,0.154121192170977,0.43647425720925653,0.5635257427907435,-0.1270514855814869,0.8557816302054536,14,4176,1.464034715246331,5075.6,5041.38,5086.62,4972.53,144.17613694,3245.03086015,1.0140009751923085,-0.08384676548359767,0.39881999033793414,-0.07591109009034973,0.46442395018061267,-0.08666425869534379,0.8613854548285489
801080,2025-02-27,-0.11005642249551546,0.13889793424209354,0.4379950163155453,0.5620049836844546,-0.1240099673689093,0.8616054204408109,14,4548,1.2620611418452503,5030.99,5080.75,5094.07,4927.04,137.06359954,3152.13913353,-0.8789108676806823,-0.10339218837742548,1.1403363143087692,-0.08737082186840428,1.0860706552879504,-0.08614750846074576,-0.044847477232604294
801080,2025-02-28,-0.1898136682775171,0.11049484061942122,0.37374811908748906,0.6262518809125109,-0.252503761825022,0.8214528777384141,14,4991,0.582122676528606,4787.64,4982.72,4982.74,4772.48,125.94113045,3007.02614216,-4.837020149115768,-0.13504721095974062,1.0012279276206746,-0.11028207744476512,1.5221930667467038,-0.0944340236851289,0.7748134833187506
801120,2025-02-05,-0.09974376902880366,0.12030422850577867,0.4474452096169283,0.5525547903830716,-0.10510958076614339,0.8922275300114444,15,1735,1.2061327707702485,16379.5,16764.26,16764.26,16369.66,14.85777122,284.98498417,0.0,-0.09974376902880366,,-0.09974376902880366,,-0.09974376902880366,
801120,2025-02-06,-0.19255786813901307,0.14034985152646473,0.39100709986283666,0.6089929001371633,-0.21798580027432657,0.8409917955422376,15,1671,0.7288710291762377,16486.29,16349.62,16551.51,16349.6,14.91758447,246.30517912,0.651973503464709,-0.14615081858390838,,-0.14615081858390838,,-0.14615081858390838,
801120,2025-02-07,-0.11478211417800141,0.10952972676044813,0.42314938506821864,0.5768506149317815,-0.15370122986356272,0.8790200752362325,15,1307,0.9542403670191333,16713.69,16490.67,16818.33,16389.72,20.11346269,335.37212954,1.3793279142851222,-0.13569458378193938,,-0.13569458378193938,,-0.13569458378193938,
801120,2025-02-10,-0.07678432820912141,0.1754326229689544,0.46429589751588674,0.5357041024841132,-0.07140820496822647,0.8561630747648177,15,1393,2.284745169498198,16728.8,16731.15,16746.46,16604.26,20.52517031,306.8971864,0.090404931526189,-0.1280414368420453,-0.23018421143732903,-0.12096701988873489,,-0.12096701988873489,
801120,2025-02-11,-0.15498398551799678,0.11644560387937755,0.4047887541618528,0.5952112458381472,-0.1904224916762945,0.8519502307807143,15,1913,0.7513395883464092,16577.39,16753.22,16757.75,16547.38,18.82473031,287.52398479,-0.9050858399885175,-0.11551680930170653,-0.19513034177284627,-0.12777041301458728,,-0.12777041301458728,
801120,2025-02-12,-0.11153173561157516,0.16271238134715935,0.4283910813690782,0.5716089186309218,-0.1432178372618435,0.8634394241429129,15,1802,1.458888633400523,16792.01,16560.39,16792.01,16548.58,18.4025024,286.35319198,1.2946549486981818,-0.11443334977956444,-0.028317814057559842,-0.13012800633114158,0.11818248595927239,-0.1250639667807519,
801120,2025-02-13,0.026587279386171482,0.09057821232393527,0.52168407659555,0.47831592340444995,0.04336815319110007,0.920837180177799,15,1789,3.4068251590663547,17103.56,16788.69,17229.74,16788.69,21.74918247,479.48286791,1.855346679760217,-0.07997614724780015,-1.3462591912474804,-0.08629897682610466,-1.1380742300645816,-0.10339950304262001,
801120,2025-02-14,-0.043949708301502556,0.15559510963450746,0.47203450260973195,0.5279654973902681,-0.055930994780536175,0.8705396220634131,15,1166,3.5402990292244545,17104.66,17051.56,17123.85,16978.34,16.21579977,294.7276708,0.0064314096012596,-0.04296472150896874,-0.7164241959928234,-0.07213249565080489,-0.617103164406378,-0.09596827869998033,
801120,2025-02-17,-0.10464712563722592,0.18541898331159626,0.45448200395446214,0.5455179960455379,-0.09103599209107566,0.8475485287715644,15,1286,1.7718497491691976,17104.82,17131.74,17257.01,17047.19,17.0259564,306.01062336,0.0009354175996456,-0.040669851517519,-0.061727811699495594,-0.0777050551364258,0.3628708888644625,-0.09693259502634094,
801120,2025-02-18,-0.10854268265092244,0.18285900453777595,0.4355531627922466,0.5644468372077535,-0.1288936744155068,0.8394850484395674,15,1016,1.6846737161072178,16972.58,17079.6,17220.46,16927.74,16.16095422,287.94792966,-0.7731154142516461,-0.0857131721965503,-5.08250430871003,-0.06841679456301092,-0.29965226866411665,-0.0980936037887991,
801120,2025-02-19,-0.13849782870741909,0.18784240939736538,0.42444305447535857,0.5755569455246415,-0.15111389104928288,0.8229826836790043,15,1701,1.3562841464770414,17130.83,16956.83,17142.2,16896.76,12.84641163,257.8781341,0.9323862370953728,-0.11722921233185583,2.1512798164051548,-0.0738100131821797,0.24177955223217462,-0.10196900975666064,0.38853614672836523
801120,2025-02-20,-0.0836039504209079,0.14620934039260472,0.4364347336519295,0.5635652663480706,-0.1271305326961411,0.8572648053009787,15,1366,1.7488329158670988,17062.19,17068.42,17218.94,17043.07,12.96027306,233.93157552,-0.4006811111896047,-0.11021482059308314,-0.20108698722664553,-0.09584825914359558,-4.144509417702656,-0.09107361798485011,-0.5658242832198797
801120,2025-02-21,-0.14536928345804837,0.10948558491789114,0.404931183068106,0.595068816931894,-0.190137633863788,0.8655523897361506,15,1821,0.7531548777942983,17119.71,17093.67,17235.01,16989.48,16.10494509,324.56684944,0.3371196780718177,-0.12249035419545846,0.33928220592779823,-0.11613217417490476,2.3076279473981964,-0.0941323349128548,0.2664802743797965
801120,2025-02-24,-0.1306444911289589,0.13618203722466848,0.4153756035651948,0.5846243964348051,-0.16924879286961036,0.8551814564120728,15,1491,1.0423863727269103,17160.06,17103.33,17321.41,17099.74,17.08309155,357.46649556,0.235693244803814,-0.11987257500263838,-0.05670368735563791,-0.12133164727325134,0.24842885395492398,-0.09951835120483857,0.7014473418735894
801120,2025-02-25,-0.14554868481152852,0.11754202467546684,0.4066390710607946,0.5933609289392053,-0.18672185787841078,0.8373677655207615,15,1644,0.8075787481533921,16887.93,17044.55,17044.55,16862.39,14.51029419,271.72420516,-1.585833615966381,-0.14052081979951192,0.740930710555626,-0.12873284770537255,0.3409350244236993,-0.09857482113419173,-0.0608791977760349
801120,2025-02-26,-0.08160316749519188,0.11604174049110555,0.4611255777533617,0.5388744222466383,-0.07774884449327656,0.8880086282673468,15,1725,1.4220249538468321,17018.03,16888.43,17018.03,16821.13,15.64808254,279.48776575,0.7703726862913207,-0.11926544781189312,-0.43864917296134665,-0.1173539154629271,-0.41079821787256265,-0.09558196432255342,-0.2683412748153915
801120,2025-02-27,-0.013243336782787109,0.1309202868099239,0.49894831517579674,0.5010516848242033,-0.002103369648406591,0.8861367858851704,15,1848,9.885747750528115,17398.79,17017.92,17412.68,17017.92,23.37065594,498.07211189,2.237391754509788,-0.08013172969650251,-0.8986307293300669,-0.10328179273530295,-0.8415943658629416,-0.09956502593944927,-1.4981080083611416
801120,2025-02-28,-0.015329669388506691,0.14546329943749986,0.4973139954489162,0.5026860045510838,-0.005372009102167626,0.8903446663497644,15,1801,9.489004345166109,17422.31,17382.69,17769.6,17378.94,22.97966076,515.50550208,0.1351818143675576,-0.03672539122216189,-0.8946766890517964,-0.07727386992139462,-0.8945467087417361,-0.09670302204814968,-0.6511997466890447
801150,2025-02-05,-0.047798274891233325,0.17006295861939674,0.46196830519858334,0.5380316948014167,-0.07606338960283333,0.8802441470659114,15,817,3.5579308878067475,6988.9,6995.63,7000.89,6954.41,39.72570234,484.11440655,0.0,-0.047798274891233325,,-0.047798274891233325,,-0.047798274891233325,
801150,2025-02-06,-0.04250571035628459,0.2131597436000742,0.46653133204734454,0.5334686679526555,-0.0669373359053109,0.8264961378938588,16,1154,5.014849576994728,7069.3,6980.81,7069.69,6941.2,44.82079264,562.56139504,1.1503956273519522,-0.045151992623758956,,-0.045151992623758956,,-0.045151992623758956,
801150,2025-02-07,-0.10871117029205227,0.2139962405358856,0.433898907077909,0.566101092922091,-0.132202185844182,0.8561240781949961,16,1282,1.9684843789371897,7173.35,7070.14,7220.92,7058.87,62.95045363,806.23754371,1.4718571852941675,-0.06633838517985673,,-0.06633838517985673,,-0.06633838517985673,
801150,2025-02-10,-0.03647131616719064,0.10694965802208334,0.4806279073222486,0.5193720926777514,-0.03874418535550281,0.9032226734984695,16,1361,2.9324320935336727,7292.08,7187.3,7294.61,7169.71,67.77150962,861.72496497,1.6551541469466802,-0.06256273227184249,-0.23697421611590763,-0.058871617926690205,,-0.058871617926690205,
801150,2025-02-11,-0.12190934409700731,0.1356864649730929,0.4208455070084719,0.5791544929915281,-0.15830898598305615,0.8557051952229835,16,1398,1.11301119678835,7215.37,7300.42,7300.42,7188.08,56.73924024,730.57226537,-1.0519632258560008,-0.08903061018541675,1.8680697975673914,-0.07147916316075362,,-0.07147916316075362,
801150,2025-02-12,-0.2165864086295574,0.16742479611615907,0.3607808391480532,0.6392191608519469,-0.2784383217038936,0.7823983556009008,16,1483,0.7730161701998448,7229.99,7197.13,7232.22,7169.22,52.35164926,633.55191307,0.2026230117097238,-0.1249890229645851,0.9923105238192045,-0.10523678990841842,3.531259948657299,-0.09566370407222091,
801150,2025-02-13,-0.06984422749298018,0.15559372381696965,0.4752054996161743,0.5247945003838257,-0.04958900076765135,0.8433687944479625,16,1193,2.2277248872515325,7194.54,7222.17,7252.79,7193.9,52.53123063,651.94038848,-0.4903187971214362,-0.1361133267398483,0.9150454338637659,-0.11070449333575756,0.6431728091953537,-0.09197520741804367,
801150,2025-02-14,-0.05861619347739643,0.26870298847324964,0.46769755853500766,0.5323024414649923,-0.06460488292998466,0.806096712841998,16,1722,4.584108461032477,7368.1,7196.56,7401.35,7196.49,69.69473304,1008.54367115,2.4123849474740666,-0.11501560986664466,-0.5191821110057521,-0.1006854979728264,-0.46080799866357625,-0.08780533067546277,
801150,2025-02-17,-0.0380856632089447,0.14464773321162738,0.4744362838743285,0.5255637161256714,-0.051127432251342975,0.8821580425158285,16,1925,3.7979575783691693,7416.9,7449.15,7521.02,7371.86,80.57525337,1207.2674236,0.662314572277789,-0.05551536139310711,-0.8241548791083875,-0.1010083673811772,0.044263470897338175,-0.08228092317918298,
801150,2025-02-18,-0.13079328209238042,0.1978019578814116,0.4302605893261205,0.5697394106738795,-0.13947882134775902,0.8319459560183301,16,1326,1.512325057656267,7267.61,7396.71,7410.49,7244.7,77.27217894,957.58390906,-2.012835551241088,-0.07583171292624052,0.8726426905577278,-0.10278515498025183,0.07287331468458946,-0.08713215907050273,
801150,2025-02-19,-0.14540577695349438,0.17229476287666362,0.4050053399659651,0.5949946600340349,-0.18998932006806973,0.8314572287847694,16,1765,1.1849237801037935,7321.12,7256.21,7340.58,7217.25,61.85653106,822.00961042,0.736280565412839,-0.10476157408493984,1.4806417531968488,-0.08854902864503922,-0.3286477306053315,-0.09689290927672883,2.042071649748247
801150,2025-02-20,-0.0718166487316483,0.14707211604430206,0.4597213726150371,0.5402786273849629,-0.08055725476992585,0.8925126643826319,16,2200,2.0478833061934574,7438.61,7325.59,7496.0,7325.54,73.80950181,1023.63011749,1.6048091002469622,-0.11600523592584104,0.8856609726775513,-0.08894351289277284,0.028240289991987577,-0.0998240031142652,0.6895764858339792
801150,2025-02-21,-0.10395614109295065,0.15538120318619755,0.44016259345128916,0.5598374065487108,-0.1196748130974217,0.8811735034250856,16,2537,1.4946803676299032,7506.32,7440.79,7509.6,7376.5,73.92152774,1057.08481743,0.9102507054409292,-0.10705952225936444,-0.20518745741447542,-0.09801150241588369,0.7735054926935541,-0.09934850019435504,-0.04374002401342236
801150,2025-02-24,-0.14016223200315975,0.13129739574657717,0.4129797091948574,0.5870202908051426,-0.17404058161028516,0.8532592742787741,16,1944,0.9367530316128048,7438.83,7503.82,7503.85,7400.88,61.6337228,899.72255099,-0.8991090174679472,-0.10531167394258623,-0.0360614623448674,-0.1184268161747267,2.680183570237569,-0.10971759177795196,2.843081268595642
801150,2025-02-25,-0.19108012940592892,0.10058765025389443,0.3853769594245834,0.6146230405754166,-0.22924608115083323,0.8320059849479163,16,1708,0.5264160672625824,7355.59,7366.35,7408.62,7339.12,54.4097207,772.7238026,-1.118993175001981,-0.14506616750067977,1.6606661934327125,-0.1304841856374364,0.46093229215677445,-0.11663467030884411,0.5673952708159935
801150,2025-02-26,-0.10322838074638603,0.10486210386891844,0.44350612966012615,0.5564938703398739,-0.11298774067974768,0.9014914842279588,16,1756,1.0158262980657051,7442.25,7365.55,7442.83,7341.28,52.41237141,764.45473727,1.1781515826738476,-0.14482358071849158,-0.007000647955120787,-0.12204870639601473,-0.2900668535377249,-0.10529886752052697,-0.523384771004054
801150,2025-02-27,-0.10283223302257821,0.10666208967203349,0.43994014407972454,0.5600598559202754,-0.1201197118405509,0.9001443429102203,16,1559,1.0372437370742924,7468.19,7430.45,7481.37,7381.41,58.22534443,831.7605833,0.348550505559464,-0.1323802477249644,-0.26633422175911114,-0.1282518232542007,0.43187178514585733,-0.10859766807348678,0.4723082595897212
801150,2025-02-28,-0.10876722668732954,0.14516317614467789,0.43423653351404934,0.5657634664859507,-0.13152693297190138,0.8618201472110928,16,1685,1.3346223910073105,7302.5,7442.16,7491.84,7286.21,58.54953588,833.7283373,-2.218609863969712,-0.10494261348543125,-0.4307768838890338,-0.12921404037307652,0.046279955602402945,-0.11361277139448009,0.8555832481560295
801180,2025-02-05,-0.20015047724850116,0.19009608876061965,0.3851343838795838,0.6148656161204161,-0.22973123224083236,0.8375554878321658,11,1586,0.9497658530416679,2013.39,2024.88,2025.44,1999.12,31.23906872,132.63244017,0.0,-0.20015047724850116,,-0.20015047724850116,,-0.20015047724850116,
801180,2025-02-06,-0.21549545614346355,0.1314464234185813,0.370993448103075,0.629006551896925,-0.25801310379385,0.7918442108110512,11,1471,0.6099730628708588,2032.37,2012.25,2040.39,1998.41,34.94050589,145.78816311,0.942688699159122,-0.20782296669598235,,-0.20782296669598235,,-0.20782296669598235,
801180,2025-02-07,-0.08453589400081672,0.09417968714971775,0.438132002776952,0.561867997223048,-0.12373599444609598,0.9034566505666229,11,1182,1.1140792708575111,2078.91,2031.33,2097.75,2025.8,44.36518717,197.75109549,2.2899373637674136,-0.1667272757975938,,-0.1667272757975938,,-0.1667272757975938,
801180,2025-02-10,-0.08397844265027515,0.12361795990011408,0.4512752479341865,0.5487247520658135,-0.09744950413162705,0.8728933526894642,11,1222,1.4720201518253453,2110.21,2078.11,2112.03,2078.11,38.0660082,170.05703478,1.505596682877086,-0.1280032642648518,-0.5804234703572058,-0.14604006751076415,,-0.14604006751076415,
801180,2025-02-11,-0.18707993464635547,0.14910918267956702,0.38899976932285996,0.6110002306771399,-0.22200046135428,0.8001670119142982,11,1807,0.7970346096252062,2074.94,2118.46,2118.46,2068.76,32.44494961,145.50809748,-1.671397633410887,-0.11853142376581578,-0.13186134875248035,-0.1542480409378824,,-0.1542480409378824,
801180,2025-02-12,-0.08213616073519686,0.10414574718255659,0.4622313955846145,0.5377686044153855,-0.07553720883077096,0.9209054426893393,11,3844,1.2679646364080446,2139.32,2077.72,2139.37,2060.31,44.59615448,212.28325841,3.1027403202020354,-0.11773151267727583,-0.028387151919120557,-0.13064517763522154,-0.5896279546052796,-0.14222939423743483,
801180,2025-02-13,-0.024432547520198446,0.13541264854118648,0.49706126817038554,0.5029387318296145,-0.00587746365922884,0.8839834433982836,11,2979,5.542305747251306,2151.42,2125.48,2178.97,2122.53,59.00558664,285.5153669,0.5656002842024499,-0.09788288096725027,-0.709061674054295,-0.09243259591056854,-0.8866215188132192,-0.12540127327782963,
801180,2025-02-14,-0.08767491583414762,0.16552361087821243,0.44908637346406155,0.5509136265359384,-0.101827253071877,0.8733090359540008,11,1961,1.8879243772680567,2120.95,2145.51,2151.76,2107.14,43.81525031,193.96834665,-1.4162739028176885,-0.06474787469651432,-0.5313505106793899,-0.09306040027723471,0.037132414229872124,-0.12068547859736937,
801180,2025-02-17,-0.10881917877241833,0.14232569267038084,0.44264555647470066,0.5573544435252994,-0.11470888705059869,0.8846833239778475,11,1414,1.3079100051658834,2136.54,2121.08,2153.88,2112.43,46.0667415,202.33855728,0.735047973785341,-0.0736422140422548,0.3248632246550489,-0.09802854750166334,0.2957989614738561,-0.11936700083904148,
801180,2025-02-18,-0.145231655137797,0.14031232399531526,0.41588470706754366,0.5841152929324563,-0.1682305858649127,0.8381880554963861,11,1675,0.9661276934576402,2077.96,2134.32,2134.32,2073.3,39.83764795,174.6217365,-2.7418162075130814,-0.11390858324812099,4.944187973756468,-0.08965889159995165,-0.2236919720314522,-0.12195346626891704,
801180,2025-02-19,-0.202788057965702,0.1043279752421885,0.38572581932589123,0.6142741806741088,-0.22854836134821757,0.8293698077699075,11,1894,0.5144680425897353,2100.39,2076.59,2100.39,2074.42,31.4004608,142.62145691,1.0794240505110686,-0.15227963062530578,1.3129541218985707,-0.11378927104605267,1.4689254543985957,-0.12221722434063712,0.01317798864864117
801180,2025-02-20,-0.18226298723647136,0.09350592587202632,0.3810571584789965,0.6189428415210035,-0.23788568304200697,0.8317894203738032,11,2126,0.5130275065156811,2088.55,2097.32,2097.32,2079.14,33.13222707,150.70458912,-0.5637048357685859,-0.17676090011332346,0.6749160331162907,-0.14535535898930727,6.459843763152168,-0.1188939774499379,-0.15421424424312724
801180,2025-02-21,-0.1871586108469234,0.08710147395116884,0.3719525306396584,0.6280474693603416,-0.2560949387206832,0.8189135322030516,11,2382,0.4653885469496722,2087.51,2091.92,2101.13,2065.55,38.05094604,177.82726899,-0.0497953125374039,-0.1907365520163656,0.2886902009713084,-0.1652520979918624,1.1346882294243263,-0.12915624913454857,1.2139543570109428
801180,2025-02-24,-0.058765609448081686,0.11987001462263297,0.4784514983794513,0.5215485016205487,-0.04309700324109743,0.9154981483033245,11,1518,2.0397987147318855,2122.09,2087.96,2134.26,2087.96,47.19848213,230.10099814,1.656519010687374,-0.1427290691771588,-0.7102116858477887,-0.1552413841269951,-0.45997010719054776,-0.12663496581432923,-0.300229825732674
801180,2025-02-25,-0.11337695893208087,0.14841653490267964,0.4352611566045397,0.5647388433954603,-0.12947768679092056,0.8589982017516,11,1497,1.3090537645447822,2108.41,2104.16,2131.89,2095.64,39.31221135,189.68621212,-0.644647493744388,-0.11976705974236197,-0.37794853112451454,-0.14887044488585185,-0.21933714227447276,-0.11926466824290176,-0.393965156410805
801180,2025-02-26,-0.11547573389555997,0.13480868766093476,0.44384629342422294,0.556153706575777,-0.11230741315155403,0.8832285610687515,11,1396,1.167420055393284,2154.89,2118.57,2154.89,2118.54,47.34627084,226.93103669,2.2045048164256453,-0.09587276742524083,-0.3830060323005533,-0.13140798007182347,-0.4305594961854675,-0.12259862555893808,0.40590615463325985
801180,2025-02-27,-0.07149438118356737,0.1263646899371242,0.4701079128848958,0.5298920871151042,-0.05978417423020838,0.8990054700589822,11,1317,1.76747721772251,2165.52,2152.86,2183.33,2150.25,47.44284183,231.11597637,0.4932966415919226,-0.10011569133706939,0.21660239475149679,-0.10925425886124267,-0.6077405387260045,-0.12730480892527496,1.9261942957222447
801180,2025-02-28,-0.05378856483196468,0.13071511141791856,0.4745796403365604,0.5254203596634396,-0.05084071932687913,0.9008669168637762,11,1698,2.430165441786227,2133.95,2159.22,2173.66,2132.57,49.39381166,235.01574732,-1.4578484613395504,-0.08025289330369732,-0.5255776364209325,-0.08258024965825092,-0.7126043809121974,-0.12391617382505667,-0.38649995474515053
801730,2025-02-05,-0.0910014891742383,0.12258950166939502,0.45330076017401466,0.5466992398259853,-0.09339847965197069,0.8976600489169033,11,1312,1.347115336043303,6812.72,6879.67,6879.67,6785.35,50.4633749,781.85476673,0.0,-0.0910014891742383,,-0.0910014891742383,,-0.0910014891742383,
801730,2025-02-06,-0.16158542771550208,0.16316330562362155,0.4018678096847497,0.5981321903152502,-0.19626438063050047,0.813474181462167,11,3351,1.0097649765231156,6955.0,6791.11,6955.0,6781.79,62.83814797,1002.48817658,2.0884463180638635,-0.1262934584448702,,-0.1262934584448702,,-0.1262934584448702,
801730,2025-02-07,-0.020017908285806085,0.1675836117296551,0.48979535416239256,0.5102046458376074,-0.020409291675214877,0.8803328582975243,11,3189,8.371684460582832,7138.51,6980.19,7193.9,6980.01,83.18491925,1335.50659788,2.6385334291876283,-0.09086827505851548,,-0.09086827505851548,,-0.09086827505851548,
801730,2025-02-10,-0.11139976744120332,0.1382867609562394,0.43447844360869803,0.565521556391302,-0.131043112782604,0.8697578010130897,11,3640,1.2413559214046566,7100.17,7139.99,7140.0,7018.31,70.66296274,1153.95532941,-0.5370868710697363,-0.09766770114750382,0.2241532358652829,-0.09600114815418745,,-0.09600114815418745,
801730,2025-02-11,-0.15995652945201844,0.135216924385213,0.4000123872172811,0.5999876127827188,-0.19997522556543776,0.842547842602443,11,3502,0.845335447377117,6999.96,7105.38,7105.39,6970.06,60.94876146,992.32866369,-1.4113746572265162,-0.09712473505967593,-0.010080725016562653,-0.10879222441375365,,-0.10879222441375365,
801730,2025-02-12,-0.1111841786749547,0.16254685384100248,0.4333244511254938,0.5666755488745062,-0.13335109774901246,0.8444195481304184,11,3424,1.4619602876791113,7108.06,6976.91,7109.05,6970.67,70.80995099,1101.82637629,1.544294538825941,-0.1275134918560588,4.554235591827097,-0.11282876231389691,0.22178416731261508,-0.10919088345728716,
801730,2025-02-13,-0.17001293920407565,0.14647001014225214,0.39390727403499254,0.6060927259650074,-0.21218545193001487,0.8293257141600615,11,2383,0.8615227219055153,7071.89,7107.15,7164.88,7068.52,76.60285349,1237.81695551,-0.5088589572963653,-0.14705121577701627,0.526151652819278,-0.11451426461161163,0.05215514547148148,-0.11787974856397122,
801730,2025-02-14,-0.07977520423648857,0.20362536776954135,0.45542434040414226,0.5445756595958577,-0.08915131919171547,0.8242977098564567,11,3278,2.5524894573244437,7144.09,7057.44,7189.35,7057.44,63.97010041,1073.23855436,1.0209434818697627,-0.12032410737183963,-0.5012694729637877,-0.12646572380174814,2.985191814124458,-0.11311668052303589,
801730,2025-02-17,-0.06827396904026956,0.14661600325078888,0.4618555652678808,0.5381444347321191,-0.07628886946423835,0.8747877694236387,11,3310,2.147465649233186,7171.65,7182.3,7183.41,7111.49,68.35887795,1125.1641236,0.3857734155084724,-0.10602070416027791,-0.38593809070742435,-0.11784056412156138,-0.38712646706103326,-0.10813415702495074,
801730,2025-02-18,-0.039880435085795064,0.15919534484880363,0.47612730532178377,0.5238726946782163,-0.047745389356432494,0.8830796067667008,11,3191,3.9918156486087866,7131.92,7224.73,7280.28,7104.0,83.69618066,1390.50496503,-0.5539868788911884,-0.06264320278751771,-0.7654270594197278,-0.0938253452483167,-0.7506795426081194,-0.10130878483103518,
801730,2025-02-19,-0.12712539894823627,0.16262529454558056,0.43027996405245744,0.5697200359475425,-0.13944007189508512,0.8487185845684181,11,3841,1.2792510064161087,7254.78,7089.11,7254.89,7089.11,80.98562294,1352.78467852,1.7226777641925262,-0.07842660102476695,0.5935452646586905,-0.09701358930297302,0.14337669678601928,-0.10492117580843496,0.3969595454073551
801730,2025-02-20,-0.17425786462782267,0.11464389130896827,0.3891309623772993,0.6108690376227007,-0.22173807524540134,0.8400512463261024,11,3998,0.6578979465507796,7207.84,7239.02,7239.02,7133.6,80.03894342,1296.95381231,-0.6470216877699886,-0.11375456622061798,1.5523324200624895,-0.09786257438772242,0.024968249143975996,-0.10618841949966704,0.07842561728172992
801730,2025-02-21,-0.1117340973507755,0.1233164430123472,0.4389804432095573,0.5610195567904427,-0.12203911358088533,0.8821739307135978,11,4230,1.1036599027171656,7351.6,7206.0,7353.41,7206.0,95.54157104,1610.42362674,1.9944948833492404,-0.13770578697561145,1.8017271403985724,-0.10425435301057981,0.40061186204609145,-0.11536003840616398,4.581706927391698
801730,2025-02-24,-0.05707787161583316,0.15827591579805816,0.46798303987722084,0.5320169601227792,-0.06403392024555841,0.8911122455701815,11,2937,2.772982091262021,7349.47,7345.63,7372.89,7268.53,92.21360658,1550.48271023,-0.0289732847271406,-0.11435661119814376,-0.5510112684950197,-0.10201513352569251,-0.16398779186006718,-0.10992784882362694,-0.4876302444171726
801730,2025-02-25,-0.12133220877750352,0.11612193537878153,0.4273359637197583,0.5726640362802417,-0.1453280725604835,0.8748091161382504,11,3452,0.9570577882722264,7329.82,7250.94,7393.03,7247.54,84.42191151,1442.389694,-0.2673662182443137,-0.09671472591470405,-0.3037203282810619,-0.11830548826403423,2.042399324793741,-0.10606541675617547,-0.24146760877367568
801730,2025-02-26,-0.03607716745171519,0.09024655245194477,0.4810244835304946,0.5189755164695055,-0.03795103293901087,0.9313662567820341,11,4167,2.501486641730634,7462.44,7359.32,7464.82,7354.52,94.24227836,1631.69388183,1.8093213748768824,-0.07149574928168394,-0.677115864296506,-0.10009584196473001,-0.7162080296290332,-0.09855471563385151,-0.6755188743428482
801730,2025-02-27,-0.03985243849294548,0.14110290061822037,0.4857354261716889,0.514264573828311,-0.0285291476566221,0.9062949130875491,11,3457,3.5406340478562646,7461.49,7481.59,7484.41,7365.69,95.10131217,1671.27771839,-0.012730420613094,-0.06575393824072139,-0.30178828739138575,-0.07321475673775456,-0.7713019232844284,-0.0855386655627385,-0.7655917327262458
801730,2025-02-28,-0.010613400160705793,0.1178417955610003,0.49847421506815975,0.5015257849318403,-0.0030515698636805074,0.9076721288154282,11,2598,11.103114343816827,7290.91,7436.23,7483.95,7279.73,93.64130152,1584.95219758,-2.2861385594566186,-0.028847668701788814,-0.912526111016668,-0.05299061729974062,-0.9050119845924354,-0.07862248515516021,-0.8669586588679481
801750,2025-02-05,0.028878050449439783,0.09525637345423105,0.5257935857331913,0.47420641426680865,0.051587171466382684,0.9223075932428811,13,3150,3.2985735522904376,4582.24,4470.48,4608.15,4465.66,104.69786507,2012.41123354,0.0,0.028878050449439783,,0.028878050449439783,,0.028878050449439783,
801750,2025-02-06,0.019328986666931204,0.08989706210731571,0.5228904538964183,0.47710954610358175,0.04578090779283653,0.9389015889359917,13,3099,4.650893689171775,4740.4,4575.32,4743.79,4542.68,128.64810034,2370.45057264,3.451586996752676,0.024103518558185495,,0.024103518558185495,,0.024103518558185495,
801750,2025-02-07,0.04878490324022821,0.09646727093130356,0.535906947698886,0.46409305230111403,0.07181389539777198,0.9224852091860458,13,4920,1.9774000669075078,4892.72,4746.05,4976.74,4744.25,160.94186292,3265.19343614,3.2132309509746104,0.03233064678553307,,0.03233064678553307,,0.03233064678553307,
801750,2025-02-10,0.0560950115745833,0.10110177090783606,0.5453802891875041,0.4546197108124958,0.09076057837500831,0.9097877392850588,13,4076,1.8023308681095873,5086.72,4965.44,5088.23,4949.31,162.12639775,3157.95943258,3.9650746415081928,0.0414029671605809,0.9424791736822908,0.03827173798279562,,0.03827173798279562,
801750,2025-02-11,0.037834677162200694,0.14605929964178657,0.5286765384510167,0.4713234615489833,0.057353076902033395,0.8937291409191889,13,3488,3.860461105974741,5031.82,5054.44,5140.27,5000.65,155.2468686,3003.54293924,-1.0792809511826928,0.04757153065900407,0.9574061389845003,0.03818432581867663,,0.03818432581867663,
801750,2025-02-12,-0.006301852049441461,0.1707892090817379,0.4908992178601784,0.5091007821398216,-0.01820156427964315,0.8735897984058429,13,4007,27.101431093875824,5160.6,5017.99,5160.6,5017.99,145.61096916,2869.2420904,2.559312535027103,0.029209278895780844,-1.1291762744390343,0.03114834531890039,-1.21822290464084,0.030769962840656955,
801750,2025-02-13,-0.03259969448401201,0.12774022539253008,0.4894609075296069,0.5105390924703931,-0.021078184940786126,0.901314161171264,14,4867,3.9184485442088484,5093.94,5151.12,5190.44,5030.85,156.33724938,3139.75251959,-1.291710266248125,-0.00035562312375092553,-1.5811513995441078,0.020762609088711748,-2.6865702815029024,0.02171715465141853,
801750,2025-02-14,0.05942663460024243,0.06323330343097626,0.5411767481764324,0.4588232518235676,0.08235349635286479,0.9351937751579632,14,5364,1.0640566112542118,5273.09,5081.21,5293.38,5065.64,174.0207578,3414.51911608,3.5169240312999506,0.006841696022262987,0.5706922605808173,0.02289095536071459,0.21813574801228697,0.02643083964502152,
801750,2025-02-17,-0.0029841548895719445,0.1173743324066071,0.5040246021551967,0.49597539784480327,0.008049204310393422,0.9200704211927385,14,5490,39.33252017741063,5305.95,5388.01,5419.05,5254.62,185.05072137,3767.04869597,0.6231640271643357,0.007947595075552826,-0.5264638290204808,0.011075122067883542,-1.0531982221913663,0.023162506918955578,
801750,2025-02-18,-0.025066830639488134,0.09954124099911303,0.4915486682583234,0.5084513317416766,-0.01690266348335318,0.9212277760164352,14,4657,3.9710341698445237,5112.52,5258.92,5308.76,5096.8,151.85715485,3092.61881064,-3.6455300181871153,0.010458549690394116,-0.23107160860719866,-0.0015051794924542234,-1.6625358670836374,0.018339573163111206,
801750,2025-02-19,-0.008846285642148833,0.10314534002955172,0.5000372516221007,0.4999627483778993,7.450324420140866e-05,0.927347974520045,14,3456,11.659734288717463,5249.01,5124.59,5250.28,5110.0,135.50847544,2727.67617881,2.669720607449944,-0.012299090390402972,-1.1488606195127318,-0.0020140662109956976,0.40375965236011657,0.014567139553952346,-1.30633250875564
801750,2025-02-20,-0.0034978848255421574,0.16772029731586227,0.5024552213222975,0.49754477867770247,0.004910442644595063,0.8813464810315192,14,4069,47.94906227075854,5233.25,5229.41,5278.61,5176.78,132.90990603,2602.90402752,-0.3002470942139568,-0.012470333702393041,0.17215257082178592,0.0038062957206982722,-0.8927019139011367,0.01228445240470501,-1.1809657632764825
801750,2025-02-21,0.011491163417351598,0.16430949786728744,0.5109927480919707,0.48900725190802924,0.021985496183941435,0.8828602276718479,14,4787,14.298769576210267,5440.49,5283.46,5457.55,5213.91,172.81356112,3629.12634489,3.960063058328944,-0.0002843356834464651,-1.4584210737535126,-0.0057807985158798945,-0.8066327751074647,0.008555078422417348,-0.7644524708644714
801750,2025-02-24,-0.02028768028831653,0.1540168382639982,0.4991793984762026,0.5008206015237974,-0.0016412030475947811,0.8823758295171898,14,3956,7.591643602186246,5419.23,5427.24,5490.74,5350.44,152.60054885,3272.35987424,-0.3907736251697935,-0.004098133898835697,1.293355777667212,-0.009241503595628812,5.798467585986011,0.0009168092361273656,-1.3616663892000853
801750,2025-02-25,-0.0764476525184078,0.10472712472384738,0.4587020717384557,0.5412979282615443,-0.08259585652308862,0.9072933209219212,14,3400,1.369919432105913,5350.73,5275.08,5452.02,5271.33,148.83765246,3031.66968956,-1.2640172127774574,-0.028414723129790907,20.855394425846693,-0.019517667971412744,2.0497534218777034,-0.010511423731933483,-3.0205710277550346
801750,2025-02-26,-0.05952063525692995,0.19911834442060397,0.46362699671679486,0.5363730032832051,-0.0727460065664103,0.8454628948289921,14,4246,3.3453665869169424,5400.5,5367.5,5407.32,5298.92,132.5963172,2784.30331098,0.930153455696714,-0.05208532268788476,-6.179687477688647,-0.029652537894368967,5.728319394677823,-0.01583330205268233,8.44494329444077
801750,2025-02-27,-0.09002429216683401,0.08854618545927165,0.4372921651485583,0.5627078348514417,-0.12541566970288334,0.8981988652710752,14,4383,0.9835810238327326,5298.86,5394.7,5422.35,5205.62,134.6033369,2810.8611929,-1.8820479585223704,-0.07533085998072392,3.437387167357822,-0.04695781936262734,24.736779984709937,-0.021575761820964535,1.7615072347069067
801750,2025-02-28,-0.11163674264801694,0.15004431202633642,0.42769466756540153,0.5723053324345985,-0.1446106648691969,0.8552120795211078,14,4115,1.3440405772086699,5015.04,5256.22,5256.23,4999.61,131.34196686,2521.74617423,-5.356246437913059,-0.08706055669059365,0.4603030828335244,-0.07158340057570105,-10.715007836321083,-0.03868209954579047,-2.8785641051186417
801780,2025-02-05,0.009242899137757325,0.11742491273336642,0.5317954393009187,0.4682045606990813,0.06359087860183744,0.8838644673277626,15,1050,12.704337782253255,3859.74,3933.54,3933.54,3856.1,33.63597757,234.05278818,0.0,0.009242899137757325,,0.009242899137757325,,0.009242899137757325,
801780,2025-02-06,0.04146130584233167,0.22804461869281165,0.5513686345890899,0.4486313654109102,0.1027372691781796,0.8042542709399524,15,760,5.500179361451271,3860.26,3858.23,3884.79,3835.49,29.09022022,208.71591989,0.0134724100587124,0.025352102490044496,,0.025352102490044496,,0.025352102490044496,
801780,2025-02-07,0.004103312029384055,0.16676988088476233,0.5086969581682408,0.49130304183175927,0.01739391633648159,0.8831819758603314,15,1217,40.64274900141972,3847.91,3856.02,3859.66,3833.83,36.75629597,256.29564359,-0.3199266370659037,0.018269172336491016,,0.018269172336491016,,0.018269172336491016,
801780,2025-02-10,0.0376988918526702,0.13572558151091724,0.5342136817382614,0.4657863182617386,0.06842736347652276,0.9148279892971576,15,911,3.6002538759320015,3853.65,3844.95,3883.23,3830.09,29.88880061,219.05012199,0.1491718881158954,0.027754503241461975,3.078686923961973,0.02312660221553581,,0.02312660221553581,
801780,2025-02-11,0.05034973706231962,0.16788543758765156,0.5228137276248784,0.4771862723751215,0.045627455249756886,0.8805522547427987,15,1218,3.3343855873537915,3889.5,3858.55,3889.62,3858.55,35.45784981,242.72984928,0.9302868708886304,0.030717313648124623,0.21437895019005726,0.02857122918489257,,0.02857122918489257,
801780,2025-02-12,0.033464737110497314,0.18393333884917254,0.525810493580645,0.47418950641935503,0.05162098716128997,0.8663640220743694,15,1215,5.4963329979806055,3920.99,3890.23,3920.99,3865.43,29.88068441,219.31418116,0.8096156318292858,0.040504455341829046,7.155542856807964,0.03341559677944057,2.620588801385224,0.02938681383916003,
801780,2025-02-13,0.06832789351919816,0.1820461560566722,0.5324966822098871,0.4675033177901129,0.06499336441977427,0.8755876446843622,15,1200,2.6643021858345817,3924.14,3915.57,3939.02,3911.57,29.81755185,214.51426328,0.0803368537027671,0.05071412256400503,0.8124642439419216,0.03878891431481387,0.6479918355450329,0.03494982522202262,
801780,2025-02-14,0.013019278885936505,0.15326120668297696,0.526933058214599,0.473066941785401,0.053866116429198016,0.8667357921629505,15,1315,11.771866016982749,3940.76,3925.34,3941.13,3905.79,27.78496343,205.04261647,0.4235322898775262,0.038270636505210655,-0.7414231007835832,0.04057210768612436,2.1728707913765017,0.03220850693001186,
801780,2025-02-17,0.07083435170749272,0.13476293487754265,0.5249166641813093,0.47508333581869067,0.04983332836261873,0.8771062000730641,15,874,1.9025081987626589,3929.58,3940.83,3940.83,3903.04,32.79061494,246.10233832,-0.2837016210071263,0.05072717470420912,1.116686333844625,0.04719919965708887,0.8789505003043094,0.03650026746084306,
801780,2025-02-18,0.0004899235908166354,0.12079691069065324,0.4984945230582342,0.5015054769417657,-0.003010953883531564,0.9060800914594028,15,3269,246.56275581525145,3970.95,3920.92,3992.64,3920.92,45.39211271,312.11296816,1.0527842670208898,0.028114518061415284,-0.9928298156787319,0.03722723696278827,-0.9902695898846455,0.03289923307384042,
801780,2025-02-19,-0.017176052073833156,0.14567065764926934,0.48931860374462466,0.5106813962553753,-0.021362792510750704,0.8895251593669475,15,1393,8.481032604179816,3952.61,3963.64,3978.19,3949.64,31.04816946,218.49643641,-0.4618542162454719,0.018049407741492066,-2.31927829677163,0.02709907912592217,-1.5132582400728114,0.030257337952681373,-2.8582970362263103
801780,2025-02-20,-0.04666383207531217,0.11900998528969126,0.4763444532022584,0.5236555467977416,-0.04731109359548323,0.9059451113627638,15,972,2.5503688830702425,3947.61,3951.92,3961.86,3934.31,22.96335264,165.79045063,-0.1264986932684952,-0.021116653519442894,-1.6587740404261533,0.004100734007020107,-1.682939714250096,0.02144482416091699,-2.125479073253616
801780,2025-02-21,0.016115873323836884,0.08820639915887984,0.5208204889451185,0.4791795110548815,0.04164097789023695,0.9282271543283913,15,1521,5.473262130226249,3898.61,3949.85,3949.85,3890.66,40.4012543,290.32079535,-1.2412573683823869,-0.015908003608436146,31.89466689483953,0.004720052894600183,0.23784684735844608,0.02264608029036227,2.9275281061811005
801780,2025-02-24,-0.03938040916940348,0.12768221672329214,0.494662094464111,0.505337905535889,-0.010675811071777975,0.9032465512929321,15,1051,3.242277554152346,3869.61,3890.09,3900.73,3865.03,33.99522061,246.11713617,-0.7438548610915197,-0.023309455973626256,1.2927509185534864,-0.01732289928077906,-1.5559507247560211,0.014938150188154906,-2.0446038924248695
801780,2025-02-25,-0.05149979482179364,0.09761431448580572,0.4621591741422303,0.5378408258577697,-0.07568165171553941,0.9068277786776655,15,1259,1.8954311337274954,3838.72,3865.34,3874.45,3831.72,31.60278742,227.17323815,-0.7982716604515772,-0.024921443555786748,0.10363406800102837,-0.02772084296330111,-106.11801388447238,0.004753196999743578,-2.022841385607447
801780,2025-02-26,-0.09420780990944817,0.121270967358655,0.44012282640988115,0.5598771735901188,-0.11975434718023772,0.8877079417329276,15,1239,1.2872708480880697,3858.59,3842.63,3887.1,3842.63,30.34438825,215.02756471,0.5176204568189569,-0.06169600463354843,-6.845653413650628,-0.043127194530424115,4.4848349029500785,-0.00801405770225097,-3.8151367093780872
801780,2025-02-27,-0.011224798209403083,0.08315374575787407,0.48548746752814687,0.5145125324718531,-0.029025064943706245,0.9231496490494177,15,1178,7.408039254390842,3908.27,3862.36,3909.19,3838.92,33.35821924,245.52905172,1.2875169427174038,-0.05231080098021496,-0.7149649166640919,-0.0360393877572423,-0.7594539987353152,-0.015969326875111094,-1.164278417367707
801780,2025-02-28,-0.06056098121897113,0.10486535500809036,0.46252644672099424,0.5374735532790057,-0.07494710655801153,0.8924316813238592,15,1120,1.7315663137776338,3884.47,3902.82,3928.16,3884.47,36.11829683,262.48047865,-0.6089650919716472,-0.05533119644594079,0.1759460679121576,-0.0513747586658039,-4.757846689536569,-0.02332735288560186,-5.651638677499214
