board_code,date,ind_avg_sentiment,ind_sentiment_std,ind_positive_ratio,ind_negative_ratio,ind_sentiment_net,ind_sentiment_consensus,ind_avg_turnover,ind_total_volume,ind_total_amount,stock_count,total_comments,sentiment_dispersion,idx_close,idx_open,idx_high,idx_low,idx_volume,idx_amount,idx_pct_change,ind_ma_3d,ind_sentiment_change_3d,ind_ma_5d,ind_sentiment_change_5d,ind_ma_10d,ind_sentiment_change_10d
801050,2025-02-05,-0.16624844806788977,0.10477632739780915,0.39991713595359624,0.6000828640464037,-0.20016572809280753,0.8512090790614942,1.1766666666666665,9066180,10778385690.09,15,987,0.6302394314984663,4561.87,4573.08,4574.66,4533.36,40.07935689,442.12755513,0.0,-0.16624844806788977,,-0.16624844806788977,,-0.16624844806788977,
801050,2025-02-06,-0.1328395387392492,0.15676971511582102,0.4286296412982418,0.5713703587017582,-0.14274071740351638,0.8615683045615742,1.7493333333333332,11145020,14660335065.98,15,1722,1.1801434768871366,4614.38,4566.15,4614.38,4553.19,44.75029317,509.97351475,1.1510630508979824,-0.1495439934035695,,-0.1495439934035695,,-0.1495439934035695,
801050,2025-02-07,-0.12059452205194827,0.17401224150227695,0.43027914293851566,0.5697208570614845,-0.13944171412296874,0.8272012373660993,1.8973333333333333,13626652,16123400919.11,15,1466,1.4429531171185208,4668.65,4607.11,4689.22,4587.45,52.55478959,562.11015368,1.176105999072452,-0.13989416961969575,,-0.13989416961969575,,-0.13989416961969575,
801050,2025-02-10,-0.12106944873689511,0.11634454184309481,0.43157077681603706,0.568429223183963,-0.1368584463679259,0.885492309396703,1.5373333333333332,12210716,14537718542.720001,15,1213,0.9609735821621824,4692.11,4682.51,4709.79,4662.95,45.1033043,494.17159011,0.5025007229070511,-0.12483450317603084,-0.271755916257006,-0.1351879893989956,,-0.1351879893989956,
801050,2025-02-11,-0.1621323177632746,0.13228587900074756,0.4126429413216906,0.5873570586783095,-0.17471411735661885,0.8612518654032405,1.5446666666666669,11342894,14553310145.57,15,1650,0.8159130815232958,4701.75,4707.13,4748.91,4695.48,47.89665297,536.18446066,0.205451278848967,-0.13459876285070602,0.2205125017900298,-0.14057685507185141,,-0.14057685507185141,
801050,2025-02-12,-0.18347396172014435,0.11330759796834476,0.3962794031207265,0.6037205968792736,-0.20744119375854708,0.8454002080528434,1.7906666666666666,11298271,14429116530.57,15,2185,0.6175677295352382,4672.4,4663.94,4674.52,4616.01,43.26587833,483.8859264,-0.6242356569362562,-0.15555857607343804,0.5214120724414797,-0.14402195780230231,0.10361307941485443,-0.1477263728465669,
801050,2025-02-13,-0.15753799948070327,0.11309605843180237,0.41306659649096883,0.5869334035090311,-0.1738668070180624,0.8634534011342697,1.3679999999999999,8466558,11115678297.32,15,1769,0.7178970077353016,4640.6,4671.61,4695.75,4640.6,37.16367349,423.66465761,-0.6805924150329434,-0.16771475965470742,0.301220094121851,-0.1489616499505931,0.18592702877367473,-0.14912803379430065,
801050,2025-02-14,-0.12917336989879624,0.07579611952851782,0.42517734714434796,0.5748226528556519,-0.14964530571130402,0.8854080590848135,1.3820000000000001,8794339,11022551929.369999,15,1677,0.5867782158807344,4664.33,4657.6,4688.6,4634.52,33.49057232,376.8011702,0.5113562901348789,-0.1567284436998813,-0.20328425769254044,-0.15067741951996272,0.07113795635885078,-0.1466337008073626,
801050,2025-02-17,-0.22536072522894185,0.09069666374813824,0.36021117782810064,0.6397888221718994,-0.27957764434379867,0.8023087518163391,1.6086666666666667,11706421,14169574167.47,15,2084,0.4024510644257128,4565.92,4611.36,4611.37,4544.98,41.01842161,446.71891376,-2.1098421423870084,-0.1706906982028138,0.22829813623738082,-0.17153567481837206,0.8614169601010553,-0.15538114796531585,
801050,2025-02-18,-0.19592454985918398,0.13232479504715425,0.39194822899054976,0.6080517710094502,-0.21610354201890042,0.8279776296420873,1.3653333333333333,8939185,11064545251.18,15,1723,0.6753864951700004,4528.49,4565.58,4583.95,4514.7,36.512257,395.20639896,-0.8197690717314465,-0.1834862149956407,0.24366534109240523,-0.17829412123755395,0.20842378966819286,-0.15943548815470265,
801050,2025-02-19,-0.23835243126887012,0.10166653832464471,0.3628807019849374,0.6371192980150627,-0.2742385960301253,0.8060840290840202,1.2746666666666668,8647490,10429483453.1,15,2219,0.42653870901766133,4575.36,4538.66,4576.3,4534.39,36.37052832,425.08443836,1.0350028375904596,-0.21987923545233198,0.8452133861306912,-0.18926981514729907,0.2991076719236747,-0.1666458864748007,0.433712218303149
801050,2025-02-20,-0.15595083722853437,0.1020377062410107,0.40124480306975,0.59875519693025,-0.19751039386049998,0.8589726712310782,1.3986666666666667,8763893,11233076812.689999,15,2225,0.6542940586556905,4606.81,4582.05,4613.74,4564.66,38.097319,464.8150915,0.6873776052594982,-0.19674260611886282,-0.3079946070012627,-0.18895238269686532,-0.010074789938939843,-0.16895701632372923,0.17397906307586886
801050,2025-02-21,-0.17229996995020283,0.07371222597884189,0.4110374043727711,0.588962595627229,-0.17792519125445788,0.8741878907200594,1.6406666666666667,11108690,13534935488.85,15,2529,0.4278133420461175,4593.64,4611.34,4641.59,4583.7,42.37874054,498.58180063,-0.2858811194731303,-0.18886774614920246,-0.12057998819423466,-0.19757770270714664,0.33386602892837036,-0.17412756111355468,0.42875453228283034
801050,2025-02-24,-0.15704088367674382,0.10336414704256477,0.40597990236517256,0.5940200976348273,-0.18804019526965482,0.8515128707955257,1.7266666666666666,12173454,13254619912.119999,15,2304,0.6581989646424281,4597.72,4576.64,4602.04,4562.06,40.62114343,465.05518852,0.0888184533398339,-0.161763896951827,-0.34113999659774374,-0.18391373439670702,-0.30315771074481834,-0.17772470460753956,0.2971140557352405
801050,2025-02-25,-0.2088675800360941,0.06566944815191908,0.37516249671406876,0.6248375032859312,-0.2496750065718624,0.8234531097602403,1.774,11008313,14259615816.880001,15,2981,0.3144070905622157,4554.11,4584.46,4616.53,4548.22,39.22532121,494.26174976,-0.9485136110942038,-0.17940281122101362,0.33931682412204167,-0.18650234043208905,0.06606129852646148,-0.18239823083482148,0.28825383438394114
801050,2025-02-26,-0.1624217580550664,0.10242402733957053,0.4052802437063963,0.5947197562936037,-0.18943951258720745,0.8565789805943613,1.6486666666666667,10935547,12778585963.3,15,2615,0.6306053361695874,4588.02,4556.28,4610.95,4556.28,41.78837771,486.97288575,0.7446021286266813,-0.17611007392263478,-0.057331477759348326,-0.17131620578932832,-0.31856471028882094,-0.18029301046831372,-0.1147421872166755
801050,2025-02-27,-0.1675063040706739,0.09792292368173659,0.4058770891465469,0.5941229108534531,-0.1882458217069062,0.8606047093304657,1.9693333333333334,10661760,15023605717.71,15,2564,0.5845924678776337,4565.84,4594.41,4596.27,4522.28,47.52740145,541.62398086,-0.4834329405713156,-0.17959854738727812,0.06664137483760157,-0.1736272991577562,0.07409685672418576,-0.18128984092731076,0.06327555651861405
801050,2025-02-28,-0.14630794593220547,0.13120385787221264,0.4187279014713593,0.5812720985286407,-0.16254419705728138,0.8630399570033266,1.8373333333333335,10595372,14755514802.81,15,2289,0.8967650870651168,4486.84,4538.47,4553.6,4484.37,44.8022133,526.6194139,-1.7302402186673227,-0.15874533601931526,-0.29951816405915066,-0.16842889435415676,-0.1508533287934375,-0.1830032985306517,0.1326478983000421
801080,2025-02-05,-0.14604101503950037,0.11872025145090291,0.4256508255337757,0.5743491744662244,-0.14869834893244863,0.8814718354205093,3.052142857142857,9068910,35460371101.22,14,2464,0.812924036571453,4474.67,4496.35,4502.82,4442.78,90.01886688,2179.78247717,0.0,-0.14604101503950037,,-0.14604101503950037,,-0.14604101503950037,
801080,2025-02-06,-0.09626825210557964,0.14968807712929927,0.45075147149689404,0.5492485285031059,-0.09849705700621188,0.8884799033999199,3.406428571428571,10176751,41401506812.75,14,3253,1.5549059410067283,4649.3,4453.09,4650.08,4453.09,121.0722817,2815.55923174,3.9026341607314,-0.12115463357254,,-0.12115463357254,,-0.12115463357254,
801080,2025-02-07,-0.11165431454985965,0.12066978217981968,0.434831454128756,0.565168545871244,-0.13033709174248803,0.8860383578357606,3.755714285714286,11125603,46040098378.15,14,2743,1.0807444626417382,4692.07,4656.93,4773.26,4621.45,148.17360348,3328.54566813,0.9199234293334468,-0.1179878605649799,,-0.1179878605649799,,-0.1179878605649799,
801080,2025-02-10,-0.1158705250750597,0.10621200742957065,0.4326307247496647,0.5673692752503353,-0.13473855050067066,0.8815070256326789,2.650714285714286,8978850,30918247006.41,14,2127,0.9166438778176559,4740.13,4702.76,4742.8,4673.55,126.41973891,2704.00361326,1.0242813939263629,-0.107931030576833,-0.20658915549361478,-0.11745852669249984,,-0.11745852669249984,
801080,2025-02-11,-0.114985381078043,0.14405785413094824,0.4300658631127677,0.5699341368872324,-0.13986827377446467,0.8460531164362796,2.2528571428571427,6449071,26767701756.77,14,2123,1.2528362543163043,4712.54,4736.83,4748.12,4679.8,118.02722829,2423.68280963,-0.5820515471094745,-0.11417007356765412,0.19442680803984946,-0.11696389756960848,,-0.11696389756960848,
801080,2025-02-12,-0.101572456372415,0.09563030182502401,0.447625316138608,0.552374683861392,-0.10474936772278405,0.9098493909095956,3.3857142857142857,9478850,38775802247.63,14,3608,0.9414983671793453,4838.38,4710.27,4838.6,4696.86,131.55749473,2882.20686541,2.6703221617217165,-0.11080945417517256,-0.09029528521213182,-0.1080701858361914,-0.3044936291017819,-0.11439865737007622,
801080,2025-02-13,-0.15635886532326118,0.13884838913940833,0.4108234587390443,0.5891765412609556,-0.17835308252191134,0.8465846586943534,3.11,8996065,37000400233.770004,14,2827,0.8880109794372635,4707.27,4828.58,4828.61,4706.9,121.3179571,2639.39422158,-2.7097912937801394,-0.12430556759123973,0.34942743395676823,-0.1200883084797277,0.6241996910027905,-0.12039297279195979,
801080,2025-02-14,-0.1485080696253013,0.12473202049032832,0.4145934804278038,0.5854065195721961,-0.17081303914439236,0.8582122010775626,2.5121428571428575,9690930,31109359704.29,14,2450,0.8399006249629262,4704.88,4685.96,4717.14,4655.68,104.60822616,2221.0054203,-0.0507725284506821,-0.1354797971069925,0.29153870025012796,-0.12745905949481603,0.33007013857027867,-0.12390735989612747,
801080,2025-02-17,-0.11691838110463346,0.16268442726829668,0.4426020744363798,0.5573979255636202,-0.11479585112724042,0.8560442965402828,3.1592857142857143,10122474,39298215391.35,14,2710,1.3914358523550368,4771.97,4719.25,4776.66,4719.25,117.41856513,2594.59324017,1.425966230807174,-0.1405951053510653,0.15108352480866172,-0.1276686307007308,0.009043335472027625,-0.12313080669707259,
801080,2025-02-18,-0.13927164420188062,0.15713403207794263,0.43022724376840565,0.5697727562315944,-0.13954551246318872,0.8617491590627362,3.19,10410908,41760529296.46,14,3364,1.1282557406313782,4668.04,4766.0,4800.18,4649.77,122.32609744,2589.65604721,-2.177926516721606,-0.1348993649772718,-0.10928207419549829,-0.1325258833254983,0.21121174619018768,-0.1247448904475534,
801080,2025-02-19,-0.1185161861642674,0.16828824726644184,0.4245750841790944,0.5754249158209056,-0.1508498316418112,0.8534710247867541,2.8742857142857146,9803040,38396838910.869995,14,3767,1.4199600300433959,4826.49,4663.99,4827.72,4663.99,122.1513133,2781.24871304,3.3943582317203846,-0.12490207049026052,-0.2019545707967656,-0.1359146292838688,0.16681421713115108,-0.12199240756003009,-0.18847327833066763
801080,2025-02-20,-0.09211606336035616,0.13215433246826833,0.45445667832535264,0.5455433216746474,-0.0910866433492948,0.8917537179639129,2.549285714285714,8763084,35806763787.74,14,2978,1.434650240656543,4864.53,4835.76,4885.48,4813.62,136.22272363,2912.28213589,0.7881503950075475,-0.11663463124216807,-0.21213360559689087,-0.12306606889128777,-0.41086766541882647,-0.12157718868550775,-0.04313144421350534
801080,2025-02-21,-0.11992083205210673,0.08962267185229482,0.43961721184062136,0.5603827881593786,-0.12076557631875726,0.9132644706017429,3.5100000000000002,10478665,45780090428.62,14,3371,0.7473486492601463,5032.53,4880.62,5053.88,4877.56,166.92580513,3839.18071587,3.4535710541409026,-0.11018436052557677,-0.13894294320044076,-0.11734862137664888,-0.192496189906196,-0.12240384043573246,0.0740367045874939
801080,2025-02-24,-0.09464745908677039,0.10863435962241132,0.45174857524046974,0.5482514247595303,-0.09650284951906045,0.8901769818951019,3.8464285714285715,10305010,46040524652.65,14,3508,1.147778933218039,5030.9,5025.68,5068.0,4986.85,142.01150172,3399.42948227,-0.0323892753744115,-0.10222811816641109,-0.2013963480432467,-0.11289443697307626,-0.1904826410308591,-0.12028153383690351,-0.18316190398327126
801080,2025-02-25,-0.12661871428829033,0.11406222724675925,0.42511180150010947,0.5748881984998906,-0.14977639699978104,0.8777127645068459,3.2985714285714285,9908846,40267901167.37,14,3343,0.9008322970888649,5024.65,4948.47,5099.37,4943.3,136.52087216,3260.22714966,-0.1242322447275845,-0.11372900180905582,0.3745562898509949,-0.11036385099035821,-0.09085072547322903,-0.12144486715792827,0.10117228034711245
801080,2025-02-26,-0.15234632007470225,0.14641408685199098,0.4111193831597442,0.5888806168402557,-0.1777612336805115,0.8390686178791285,3.366428571428571,10380744,38532162192.92,14,4176,0.9610608696041858,5075.6,5041.38,5086.62,4972.53,144.17613694,3245.03086015,1.0140009751923085,-0.12453749781658767,0.2703907858853609,-0.11712987777244517,0.28544737225635286,-0.126522253528157,0.4998782693225916
801080,2025-02-27,-0.1579802900496728,0.13281871379714075,0.40928980510457275,0.5907101948954272,-0.1814203897908544,0.8475847221058548,3.133571428571429,10918749,35991057146.85,14,4548,0.8407296489668385,5030.99,5080.75,5094.07,4927.04,137.06359954,3152.13913353,-0.8789108676806823,-0.14564844147088848,0.6691445451783389,-0.1303027231103085,0.7150134763321041,-0.12668439600079812,0.01036989314970671
801080,2025-02-28,-0.21544945327920734,0.10072865699055551,0.3762680023280088,0.6237319976719913,-0.24746399534398253,0.8250165307927537,3.665714285714286,10377559,40874751887.97,14,4991,0.4675280231972474,4787.64,4982.72,4982.74,4772.48,125.94113045,3007.02614216,-4.837020149115768,-0.17525868780119414,0.7015608987204196,-0.1494084473557286,0.7965973850614423,-0.13337853436618877,0.4507592336416797
801120,2025-02-05,-0.10096972287140511,0.14408563350089507,0.44108754279935053,0.5589124572006495,-0.11782491440129904,0.8836072967666769,0.7413333333333333,1823833,13354714826.689999,15,1735,1.4270182130181968,16379.5,16764.26,16764.26,16369.66,14.85777122,284.98498417,0.0,-0.10096972287140511,,-0.10096972287140511,,-0.10096972287140511,
801120,2025-02-06,-0.2266610357291378,0.14316277872573605,0.37265707140105836,0.6273429285989417,-0.25468585719788334,0.8152731375247956,0.6906666666666667,1537657,10003243516.82,15,1671,0.6316161852221349,16486.29,16349.62,16551.51,16349.6,14.91758447,246.30517912,0.651973503464709,-0.16381537930027146,,-0.16381537930027146,,-0.16381537930027146,
801120,2025-02-07,-0.1294955229639356,0.09606852585999637,0.42589207273732305,0.574107927262677,-0.1482158545253539,0.8914243280194352,1.0,2075212,14308964584.279999,15,1307,0.7418675461602744,16713.69,16490.67,16818.33,16389.72,20.11346269,335.37212954,1.3793279142851222,-0.1523754271881595,,-0.1523754271881595,,-0.1523754271881595,
801120,2025-02-10,-0.09681586157836528,0.19521960919399886,0.4467924642529431,0.5532075357470568,-0.10641507149411371,0.841766143629835,0.8746666666666667,1850512,10058093924.91,15,1393,2.01640109390529,16728.8,16731.15,16746.46,16604.26,20.52517031,306.8971864,0.090404931526189,-0.15099080675714624,-0.04113967212062364,-0.13848553578571093,,-0.13848553578571093,
801120,2025-02-11,-0.1850785501367809,0.1148685261568821,0.39036576689684643,0.6096342331031536,-0.21926846620630716,0.8311565751585801,0.8253333333333334,1670846,10349097101.14,15,1913,0.6206474281973215,16577.39,16753.22,16757.75,16547.38,18.82473031,287.52398479,-0.9050858399885175,-0.13712997822636058,-0.1834566998187036,-0.14780413865592493,,-0.14780413865592493,
801120,2025-02-12,-0.14276468132146372,0.15308096981419184,0.4146971750957239,0.5853028249042762,-0.17060564980855228,0.8467412918469689,0.7326666666666667,1544465,10055480066.52,15,1802,1.0722607888536444,16792.01,16560.39,16792.01,16548.58,18.4025024,286.35319198,1.2946549486981818,-0.1415530310122033,0.10246808579802069,-0.15616313034593665,0.4139355567340579,-0.1469642291001814,
801120,2025-02-13,-0.027995077857731525,0.10720820281699114,0.49185676929236133,0.5081432307076387,-0.016286461415277398,0.9011491144038235,1.2633333333333332,2916370,21750012607.6,15,1789,3.829537583778606,17103.56,16788.69,17229.74,16788.69,21.74918247,479.48286791,1.855346679760217,-0.11861276977199203,-0.7108420314467627,-0.11642993877165539,-0.8764892352685358,-0.1299686360655457,
801120,2025-02-14,-0.08409296947556447,0.1609840048657263,0.44809607434573245,0.5519039256542675,-0.10380785130853512,0.8553529814277229,0.764,1693164,11804522013.59,15,1166,1.9143574768459646,17104.66,17051.56,17123.85,16978.34,16.21579977,294.7276708,0.0064314096012596,-0.08495090955158657,-0.5456363289348432,-0.10734942807398115,-0.3506109898565042,-0.12423417774179804,
801120,2025-02-17,-0.1578052879318793,0.22270966743105486,0.4165673415672996,0.5834326584327004,-0.16686531686540076,0.8292368042142122,0.89,1920940,13030706624.67,15,1286,1.4112940722695755,17104.82,17131.74,17257.01,17047.19,17.0259564,306.01062336,0.0009354175996456,-0.08996444508839176,0.10535243360750135,-0.11954731334468398,0.6299528337528413,-0.12796430109625154,
801120,2025-02-18,-0.13023434402127335,0.18815051367574587,0.4238834227689185,0.5761165772310815,-0.152233154462163,0.8257731947147443,0.9046666666666667,1915997,12116001599.26,15,1016,1.4447073472801621,16972.58,17079.6,17220.46,16927.74,16.16095422,287.94792966,-0.7731154142516461,-0.12404420047623903,3.652044358765945,-0.10857847212158248,-0.2963293481334026,-0.1281913053887537,
801120,2025-02-19,-0.16439231324225564,0.17387019673504883,0.41380005017974925,0.5861999498202508,-0.17239989964050156,0.8401960625281917,0.8520000000000001,1952687,12503859794.720001,15,1701,1.0576540551432363,17130.83,16956.83,17142.2,16896.76,12.84641163,257.8781341,0.9323862370953728,-0.15081064839846944,0.9548877185271043,-0.11290399850574087,0.151491473385444,-0.13453356442583878,0.6281347374957684
801120,2025-02-20,-0.10572577310303825,0.1267912766205259,0.4471512488897376,0.5528487511102624,-0.10569750222052478,0.8833602440042817,0.7066666666666668,1491354,9548727589.65,15,1366,1.1992466254841911,17062.19,17068.42,17218.94,17043.07,12.96027306,233.93157552,-0.4006811111896047,-0.1334508101221891,-0.33002388900505353,-0.12845013755480222,2.7765843567332498,-0.12244003816322879,-0.5335511780269917
801120,2025-02-21,-0.1618081962877369,0.12609326929277986,0.4066399570962627,0.5933600429037373,-0.1867200858074746,0.8510255343502943,0.9713333333333334,2028853,14431679034.2,15,1821,0.7792761564967534,17119.71,17093.67,17235.01,16989.48,16.10494509,324.56684944,0.3371196780718177,-0.1439754275443436,0.24243875533558246,-0.14399318291723667,0.924158431992995,-0.12567130549560895,0.24952733951119188
801120,2025-02-24,-0.15270810409511337,0.14301820046514221,0.4106533947752373,0.5893466052247628,-0.17869321044952535,0.8547886383075045,1.002,2249973,15846166532.35,15,1491,0.9365462384109238,17160.06,17103.33,17321.41,17099.74,17.08309155,357.46649556,0.235693244803814,-0.14008069116196284,-0.07107515501606154,-0.1429737461498835,-0.03230046282711563,-0.13126052974728375,0.5773046028362558
801120,2025-02-25,-0.1713764043143747,0.12726627170211072,0.4044060439220276,0.5955939560779725,-0.1911879121559448,0.8367558452542273,0.7846666666666666,1711064,11931580716.74,15,1644,0.7426125679977047,16887.93,17044.55,17044.55,16862.39,14.51029419,271.72420516,-1.585833615966381,-0.161964234899075,0.6209520089993066,-0.15120215820850377,0.315907916627437,-0.12989031516504312,-0.07403421851035541
801120,2025-02-26,-0.09542172853221365,0.12688452302572228,0.4595187702886782,0.5404812297113218,-0.08096245942264362,0.8743650599442161,0.808,1667993,11394523965.87,15,1725,1.329723585785674,17018.03,16888.43,17018.03,16821.13,15.64808254,279.48776575,0.7703726862913207,-0.1398354123139006,-0.41027877004123403,-0.13740804126649536,-0.4195487206777361,-0.1251560198861181,-0.33161530114474036
801120,2025-02-27,-0.048615340652618945,0.13874593217062559,0.4779659125133854,0.5220340874866146,-0.044068174973229145,0.8747176842426041,1.3713333333333333,3013419,22397010661.35,15,1848,2.8539537172440084,17398.79,17017.92,17412.68,17017.92,23.37065594,498.07211189,2.237391754509788,-0.10513782449973576,-0.6816453131895399,-0.12598595477641153,-0.5401751226237013,-0.12721804616560686,0.7365674387361145
801120,2025-02-28,-0.08204932929286193,0.0984170836600538,0.4473390215761595,0.5526609784238405,-0.1053219568476811,0.9001753030417057,1.462,3031048,22517244902.89,15,1801,1.1994867539839331,17422.31,17382.69,17769.6,17378.94,22.97966076,515.50550208,0.1351818143675576,-0.07536213282589817,-0.5212332198174157,-0.11003418137743652,-0.49292229210097016,-0.1270136821473366,-0.024302152670400923
801150,2025-02-05,-0.08039131070302848,0.1561616280760529,0.4505851329392871,0.549414867060713,-0.09882973412142576,0.882477656222306,0.9166666666666666,2029493,7617156399.78,15,817,1.9425187462476594,6988.9,6995.63,7000.89,6954.41,39.72570234,484.11440655,0.0,-0.08039131070302848,,-0.08039131070302848,,-0.08039131070302848,
801150,2025-02-06,-0.07408108242454023,0.20431172236556927,0.4500971946832257,0.5499028053167743,-0.09980561063354862,0.827248527697938,1.236875,2831136,10322652448.51,16,1154,2.75794731500695,7069.3,6980.81,7069.69,6941.2,44.82079264,562.56139504,1.1503956273519522,-0.07723619656378436,,-0.07723619656378436,,-0.07723619656378436,
801150,2025-02-07,-0.1558016864884015,0.2161266464728278,0.39906617999172794,0.6009338200082721,-0.20186764001654414,0.8051901743711846,1.741875,4089556,14777659394.51,16,1282,1.387190673888611,7173.35,7070.14,7220.92,7058.87,62.95045363,806.23754371,1.4718571852941675,-0.1034246932053234,,-0.1034246932053234,,-0.1034246932053234,
801150,2025-02-10,-0.07786233271486706,0.10188920830054304,0.458286485765892,0.541713514234108,-0.08342702846821601,0.9011041282812009,1.755,3676556,12617011517.31,16,1361,1.3085815020937368,7292.08,7187.3,7294.61,7169.71,67.77150962,861.72496497,1.6551541469466802,-0.10258170054260292,-0.0314583499888893,-0.09703410308270932,,-0.09703410308270932,
801150,2025-02-11,-0.14718586598290692,0.12585373117505833,0.4114641646432956,0.5885358353567044,-0.17707167071340874,0.8525181211561468,1.38875,2900544,10233304295.8,16,1398,0.8550666895534252,7215.37,7300.42,7300.42,7188.08,56.73924024,730.57226537,-1.0519632258560008,-0.12694996172872516,0.9868212121877673,-0.10706445566274883,,-0.10706445566274883,
801150,2025-02-12,-0.2482903416631626,0.17335552979416644,0.34731325555217896,0.652686744447821,-0.3053734888956421,0.7688765879552418,1.246875,2420690,8642640094.34,16,1483,0.698196831310278,7229.99,7197.13,7232.22,7169.22,52.35164926,633.55191307,0.2026230117097238,-0.15777951345364552,0.5936306419997983,-0.1406442618547757,2.088522123745012,-0.13060210332948446,
801150,2025-02-13,-0.15548639223323515,0.18427942478943632,0.3819555704086042,0.6180444295913958,-0.23608885918279163,0.807837082444637,1.296875,2987530,9539970389.19,16,1193,1.1851804015943117,7194.54,7222.17,7252.79,7193.9,52.53123063,651.94038848,-0.4903187971214362,-0.1836541999597682,0.9969398143082673,-0.15692532381651464,1.098867715541484,-0.13415700174430598,
801150,2025-02-14,-0.07176580742268344,0.1718823357583227,0.45240198319972375,0.5475980168002762,-0.09519603360055251,0.8548980263345222,1.976875,4527183,17149188965.9,16,1722,2.395044965438441,7368.1,7196.56,7401.35,7196.49,69.69473304,1008.54367115,2.4123849474740666,-0.15851418043969373,-0.5124137297869498,-0.14011814800337102,-0.5393772106053167,-0.12635810245410317,
801150,2025-02-17,-0.05743625811894998,0.16835724792194998,0.4806820033596748,0.5193179966403252,-0.03863599328065033,0.8727173882296821,2.46875,5460372,19850076593.05,16,1925,2.9312015342866453,7416.9,7449.15,7521.02,7371.86,80.57525337,1207.2674236,0.662314572277789,-0.09489615259162286,-0.7686730070359742,-0.13603293308418762,-0.2623357647235879,-0.11870011975019727,
801150,2025-02-18,-0.1807435595536165,0.18283937740962156,0.3869068623874849,0.613093137612515,-0.2261862752250302,0.7989046239544338,1.5718750000000001,3517526,12560334609.630001,16,1326,1.0115955327049058,7267.61,7396.71,7410.49,7244.7,77.27217894,957.58390906,-2.012835551241088,-0.1033152083650833,0.16243972837503806,-0.14274447179832955,0.22799535367483403,-0.12490446373053918,
801150,2025-02-19,-0.1945769823171971,0.1563262974464705,0.3782622331304567,0.6217377668695433,-0.24347553373908665,0.813370858002773,1.43875,3247469,11948655841.73,16,1765,0.8034161882088869,7321.12,7256.21,7340.58,7217.25,61.85653106,822.00961042,0.736280565412839,-0.14425226666325452,1.7112769897673585,-0.13200179992913644,-0.2163328584840183,-0.13632303089195605,1.420373304224123
801150,2025-02-20,-0.0892427708844068,0.10789237248317116,0.45003217070801044,0.5499678292919895,-0.09993565858397907,0.9077463848080568,2.17125,5125613,18191012080.489998,16,2200,1.2089760482999858,7438.61,7325.59,7496.0,7325.54,73.80950181,1023.63011749,1.6048091002469622,-0.15485443758507347,0.5537706286434227,-0.1187530756593708,-0.42604127857993224,-0.13783919973794273,0.2046634304420487
801150,2025-02-21,-0.16160672353417613,0.1602811607646793,0.4025922835715688,0.5974077164284313,-0.19481543285686248,0.851261446996731,1.93625,4911926,19944959274.43,16,2537,0.9917976013589774,7506.32,7440.79,7509.6,7376.5,73.92152774,1057.08481743,0.9102507054409292,-0.14847549224526002,-0.10587838408573313,-0.1367212588816693,1.2518624026947984,-0.13841970344252016,0.03725914126229157
801150,2025-02-24,-0.15920561248878806,0.1430332168593542,0.411599895195757,0.588400104804243,-0.17680020960848591,0.849523824101131,1.638125,4135934,17316277474.510002,16,1944,0.8984181815162277,7438.83,7503.82,7503.85,7400.88,61.6337228,899.72255099,-0.8991090174679472,-0.13668503563579035,-0.18178599239835602,-0.15707512975563692,1.7718660250999405,-0.14655403141991227,1.0447064316940158
801150,2025-02-25,-0.2228862628863166,0.10008149744451479,0.37519105076918885,0.6248089492308111,-0.24961789846162233,0.8223149799902743,1.2675,2973225,11526587647.44,16,1708,0.44902496972440814,7355.59,7366.35,7408.62,7339.12,54.4097207,772.7238026,-1.118993175001981,-0.18123286630309363,1.4975273703123113,-0.16550367042217692,0.23316295992388447,-0.15412407111025325,0.5143183851104356
801150,2025-02-26,-0.143271797798045,0.09484572533421251,0.4262215614971529,0.573778438502847,-0.1475568770056942,0.8871906137587354,1.285,2875333,10677652938.92,16,1756,0.6619985704926131,7442.25,7365.55,7442.83,7341.28,52.41237141,764.45473727,1.1781515826738476,-0.1751212243910499,-0.11345397849275562,-0.15524263351834652,-0.2636755072884983,-0.14362221672374148,-0.4229666895685721
801150,2025-02-27,-0.13421258523633078,0.11860402494968092,0.4264509268300624,0.5735490731699375,-0.14709814633987517,0.8811754526034385,1.47625,4531570,14003625214.66,16,1559,0.8837027074684148,7468.19,7430.45,7481.37,7381.41,58.22534443,831.7605833,0.348550505559464,-0.16679021530689744,-0.15698584278376115,-0.16423659638873128,0.5039042816159518,-0.14149483602405105,-0.13682102138554286
801150,2025-02-28,-0.14902577124849378,0.14913879228538343,0.41780666899736973,0.5821933310026303,-0.16438666200526053,0.8601440841984006,1.425,3728322,13564439627.54,16,1685,1.0007583992751239,7302.5,7442.16,7491.84,7286.21,58.54953588,833.7283373,-2.218609863969712,-0.1421700514276232,-0.3313819823678207,-0.16172040593159484,-0.07784918851486866,-0.1492208324066321,1.0765567419978659
801180,2025-02-05,-0.24521318718835677,0.17517152030764863,0.3567237301404001,0.6432762698595998,-0.2865525397191998,0.7973767559983262,1.3254545454545454,7686393,4376646565.92,11,1586,0.7143641918943506,2013.39,2024.88,2025.44,1999.12,31.23906872,132.63244017,0.0,-0.24521318718835677,,-0.24521318718835677,,-0.24521318718835677,
801180,2025-02-06,-0.20712282945802707,0.14966587863202177,0.3869141436861084,0.6130858563138916,-0.22617171262778318,0.8128469465527945,1.31,7380805,3849470708.83,11,1471,0.7225947956758247,2032.37,2012.25,2040.39,1998.41,34.94050589,145.78816311,0.942688699159122,-0.22616800832319192,,-0.22616800832319192,,-0.22616800832319192,
801180,2025-02-07,-0.13672300611307095,0.08285257741228241,0.42050097637627865,0.5794990236237214,-0.15899804724744276,0.8840966763984373,1.8754545454545453,11440988,6394928763.39,11,1182,0.6059885586757997,2078.91,2031.33,2097.75,2025.8,44.36518717,197.75109549,2.2899373637674136,-0.1963530075864849,,-0.1963530075864849,,-0.1963530075864849,
801180,2025-02-10,-0.11583844524709143,0.10837514032560498,0.4378696189085829,0.5621303810914171,-0.12426076218283431,0.8953650416459813,1.570909090909091,8639838,4496026231.38,11,1222,0.9355714339434831,2110.21,2078.11,2112.03,2078.11,38.0660082,170.05703478,1.505596682877086,-0.15322809360606315,-0.5276010781666816,-0.17622436700163654,,-0.17622436700163654,
801180,2025-02-11,-0.1986254062735968,0.14158568567728821,0.38625083494491913,0.6137491650550809,-0.2274983301101618,0.8248494025919727,1.2818181818181817,7576691,4284891028.8599997,11,1807,0.7128276706065529,2074.94,2118.46,2118.46,2068.76,32.44494961,145.50809748,-1.671397633410887,-0.15039561921125305,-0.0410260095744408,-0.1807045748560286,,-0.1807045748560286,
801180,2025-02-12,-0.14707773772309707,0.16753938613250816,0.4199942604080677,0.5800057395919324,-0.16001147918386469,0.8689752855380675,2.1772727272727272,13675371,7797576347.08,11,3844,1.1391213158848974,2139.32,2077.72,2139.37,2060.31,44.59615448,212.28325841,3.1027403202020354,-0.1538471964145951,0.07573510782422876,-0.16107748496297664,-0.4002046161974089,-0.17510010200054002,
801180,2025-02-13,-0.08291429008344882,0.14413491375609758,0.46531532512486495,0.534684674875135,-0.0693693497502701,0.8826747824660818,2.943636363636364,18921305,10999592429.61,11,2979,1.7383603430848102,2151.42,2125.48,2178.97,2122.53,59.00558664,285.5153669,0.5656002842024499,-0.1428724780267142,-0.28422476746310865,-0.136235777088061,-0.5996854122724739,-0.1619307002980984,
801180,2025-02-14,-0.14789540030366466,0.15604479692206275,0.4163497894704058,0.5836502105295942,-0.16730042105918838,0.8431191186395622,2.06,11594251,5926379521.65,11,1961,1.0551024345697393,2120.95,2145.51,2151.76,2107.14,43.81525031,193.96834665,-1.4162739028176885,-0.12596247603673685,-0.25540542331253446,-0.13847025592617976,0.08171553938299203,-0.1601762877987942,
801180,2025-02-17,-0.1591791788721638,0.23489504887921947,0.4129584431957536,0.5870415568042464,-0.1740831136084928,0.8311312555483579,1.7309090909090907,10159469,5553704864.02,11,1414,1.4756644087720971,2136.54,2121.08,2153.88,2112.43,46.0667415,202.33855728,0.735047973785341,-0.1299962897530924,0.08227921734729216,-0.1471384026511942,0.37414809507002245,-0.16006549791805746,
801180,2025-02-18,-0.1791848807656251,0.13549741907449317,0.4120469860567882,0.5879530139432118,-0.17590602788642362,0.8327606983943716,1.5354545454545454,9025890,4795672199.46,11,1675,0.7561877904850945,2077.96,2134.32,2134.32,2073.3,39.83764795,174.6217365,-2.7418162075130814,-0.1620864866471512,1.1610856293322307,-0.1432502975495999,-0.09787532155475265,-0.16197743620281424,
801180,2025-02-19,-0.23553083659747276,0.11624374341168017,0.3660783993417373,0.6339216006582628,-0.26784320131652545,0.8038396839856005,1.1490909090909092,6992874,3873775139.82,11,1894,0.4935393814710692,2100.39,2076.59,2100.39,2074.42,31.4004608,142.62145691,1.0794240505110686,-0.19129829874508722,0.5925501138904359,-0.16094091732447502,0.6014037218936978,-0.16100920114372586,-0.039485440003871664
801180,2025-02-20,-0.21839764251652208,0.12147671875890381,0.3654591527935971,0.6345408472064029,-0.2690816944128058,0.8097305091875387,1.0772727272727272,6462746,3556030284.93,11,2126,0.5562180862355871,2088.55,2097.32,2097.32,2079.14,33.13222707,150.70458912,-0.5637048357685859,-0.21103778662653996,0.3720239296617833,-0.18803758781108967,1.6340169142944658,-0.16213668244957533,0.05443539511311979
801180,2025-02-21,-0.18738319137908635,0.11485249730833214,0.3939041921691819,0.6060958078308182,-0.21219161566163633,0.8356728841762112,1.4363636363636363,8623249,4787031156.99,11,2382,0.612928494082371,2087.51,2091.92,2101.13,2065.55,38.05094604,177.82726899,-0.0497953125374039,-0.21377055683102705,0.04575336143558162,-0.19593514602617404,0.26699810132258217,-0.1672027009761769,0.3705315345693836
801180,2025-02-24,-0.13121559062211882,0.13615870197091162,0.4265585857555658,0.5734414142444342,-0.1468828284888684,0.8601022256159276,1.9754545454545456,11984937,7274651236.02,11,1518,1.037671677011524,2122.09,2087.96,2134.26,2087.96,47.19848213,230.10099814,1.656519010687374,-0.17899880817257574,-0.44289421921270944,-0.19034242837616505,-0.17567365561360526,-0.16874041551367963,0.13274647585459975
801180,2025-02-25,-0.15397476036054755,0.13303035928919882,0.4134302814658357,0.5865697185341643,-0.1731394370683285,0.8511544910595377,1.5399999999999998,8859407,4701733135.94,11,1497,0.8639751020082428,2108.41,2104.16,2131.89,2095.64,39.31221135,189.68621212,-0.644647493744388,-0.15752451412058424,-0.29497975075944716,-0.18530040429514952,-0.14069334587471438,-0.1642753509223747,-0.22479826096136546
801180,2025-02-26,-0.15171959482860933,0.11288985476303129,0.42096921567344653,0.5790307843265535,-0.15806156865310703,0.859918448502475,1.8272727272727274,10971056,6327567679.26,11,1396,0.7440690498188963,2154.89,2118.57,2154.89,2118.54,47.34627084,226.93103669,2.2045048164256453,-0.14563664860375858,-0.1903244164431357,-0.16853815594137683,-0.35583978293296104,-0.16473953663292593,0.03156056910700844
801180,2025-02-27,-0.11219423034574351,0.15452773777403722,0.43690190057764383,0.5630980994223562,-0.12619619884471234,0.8657403642127737,1.729090909090909,10237525,6167660466.71,11,1317,1.3773233908538487,2165.52,2152.86,2183.33,2150.25,47.44284183,231.11597637,0.4932966415919226,-0.13929619517830014,-0.14496265410376397,-0.1472974735072211,-0.4862846088768753,-0.1676675306591554,0.3531350293517075
801180,2025-02-28,-0.12042433581341591,0.1334027220819933,0.4302954225009534,0.5697045774990467,-0.13940915499809334,0.888421899301364,2.6936363636363634,12646918,7192538033.51,11,1698,1.1077721224776855,2133.95,2159.22,2173.66,2132.57,49.39381166,235.01574732,-1.4578484613395504,-0.12811272032925625,-0.21789561138832048,-0.133905702394087,-0.3573365096029827,-0.1649204242101305,-0.1857465778776357
801730,2025-02-05,-0.11821291525086476,0.12701282500680702,0.4264279917557401,0.5735720082442599,-0.1471440164885198,0.8592387969544283,1.1245454545454547,3011465,16144691680.58,11,1312,1.0744411872194133,6812.72,6879.67,6879.67,6785.35,50.4633749,781.85476673,0.0,-0.11821291525086476,,-0.11821291525086476,,-0.11821291525086476,
801730,2025-02-06,-0.19625982748023,0.1748387803127046,0.3963711241400176,0.6036288758599824,-0.20725775171996466,0.8114452640119432,1.7554545454545454,4230687,26268213470.989998,11,3351,0.8908536329489884,6955.0,6791.11,6955.0,6781.79,62.83814797,1002.48817658,2.0884463180638635,-0.15723637136554738,,-0.15723637136554738,,-0.15723637136554738,
801730,2025-02-07,-0.05940994475479113,0.1669885094586028,0.48015814218424796,0.5198418578157521,-0.03968371563150407,0.877027824066682,2.4881818181818183,7413329,39178924184.92,11,3189,2.8107837862470992,7138.51,6980.19,7193.9,6980.01,83.18491925,1335.50659788,2.6385334291876283,-0.12462756249529529,,-0.12462756249529529,,-0.12462756249529529,
801730,2025-02-10,-0.1462175470909847,0.14704616169267787,0.42930222958109615,0.5706977704189039,-0.14139554083780784,0.8615826883072216,2.130909090909091,5353368,27749872051.64,11,3640,1.0056669983745354,7100.17,7139.99,7140.0,7018.31,70.66296274,1153.95532941,-0.5370868710697363,-0.13396243977533528,0.23689993416277821,-0.13002505864421765,,-0.13002505864421765,
801730,2025-02-11,-0.21415064328600114,0.1407166940958092,0.3647095209745181,0.635290479025482,-0.2705809580509639,0.7928003650305168,1.49,3959093,23249157983.34,11,3502,0.6570920915137299,6999.96,7105.38,7105.39,6970.06,60.94876146,992.32866369,-1.4113746572265162,-0.13992604504392567,0.09115882774111461,-0.14685017557257435,,-0.14685017557257435,
801730,2025-02-12,-0.13132323545504018,0.1499147162055741,0.44189184570427903,0.558108154295721,-0.116216308591442,0.8649710393744017,1.5445454545454547,3834792,24386629654.75,11,3424,1.141570383078925,7108.06,6976.91,7109.05,6970.67,70.80995099,1101.82637629,1.544294538825941,-0.16389714194400867,1.2104588044487214,-0.14947223961340944,0.11090429650900191,-0.14426235221965197,
801730,2025-02-13,-0.19730716317941938,0.14395375632212506,0.3901686656660122,0.6098313343339877,-0.21966266866797549,0.8226954150775477,1.491818181818182,3725389,23977264826.92,11,2383,0.7295921445650815,7071.89,7107.15,7164.88,7068.52,76.60285349,1237.81695551,-0.5088589572963653,-0.18092701397348687,0.34940824206717047,-0.1496817067532473,0.005336475185146572,-0.1518401823567616,
801730,2025-02-14,-0.12231052495693188,0.1926547898181539,0.4335127774316595,0.5664872225683405,-0.1329744451366809,0.8229466465433095,1.5163636363636364,3716998,26268106798.48,11,3278,1.5751284681836801,7144.09,7057.44,7189.35,7057.44,63.97010041,1073.23855436,1.0209434818697627,-0.15031364119713048,-0.4288575412141794,-0.16226182279367546,1.0587550697405441,-0.14814897518178288,
801730,2025-02-17,-0.11554738229559593,0.1357938035979531,0.4362819137248355,0.5637180862751645,-0.12743617255032902,0.8886839804330847,1.9036363636363638,4969662,25106501307.69,11,3310,1.1752218085785995,7171.65,7182.3,7183.41,7111.49,68.35887795,1125.1641236,0.3857734155084724,-0.14505502347731572,-0.12012994581484615,-0.15612778983459769,-0.2097570736589096,-0.14452657597220656,
801730,2025-02-18,-0.080592701825009,0.1738025616631334,0.4558270053602998,0.5441729946397001,-0.08834598927940043,0.8599147704638632,2.5263636363636364,6063952,28686092884.72,11,3191,2.15655459771669,7131.92,7224.73,7280.28,7104.0,83.69618066,1390.50496503,-0.5539868788911884,-0.10615020302584559,-0.5915368680673656,-0.12941620154239927,-0.6236635081344288,-0.1381331885574868,
801730,2025-02-19,-0.15653362044583094,0.15329650106850035,0.41785522523599555,0.5821447747640044,-0.1642895495280088,0.8456827594224982,2.061818181818182,5505365,23307409731.67,11,3841,0.9793199737659501,7254.78,7089.11,7254.89,7089.11,80.98562294,1352.78467852,1.7226777641925262,-0.11755790152214528,0.27980499226006694,-0.13445827854055742,0.1919720063508623,-0.1419652590769834,0.3241668231736283
801730,2025-02-20,-0.20209743722065215,0.12774083722002716,0.38335946494848705,0.616640535051513,-0.2332810701030259,0.8306266135788261,1.7954545454545454,4239199,20044647092.91,11,3998,0.6320754927760828,7207.84,7239.02,7239.02,7133.6,80.03894342,1296.95381231,-0.6470216877699886,-0.14640791983049736,0.7490438398997386,-0.13541633334880396,0.024278257129857872,-0.14254902005102565,0.02974429263171663
801730,2025-02-21,-0.13631040708864522,0.12433109535326564,0.4234152972097826,0.5765847027902175,-0.15316940558043485,0.8649467315283229,2.1363636363636362,4873064,28568506233.86,11,4230,0.9121174091455159,7351.6,7206.0,7353.41,7206.0,95.54157104,1610.42362674,1.9944948833492404,-0.16498048825170944,0.6913492661483931,-0.13821630977514665,0.11446179416401803,-0.15023906628441105,1.294403868767315
801730,2025-02-24,-0.10956790825890093,0.15344780900168728,0.4403252942665297,0.5596747057334702,-0.1193494114669405,0.8546520503300673,2.0345454545454547,4824314,25536990566.66,11,2937,1.400481321949684,7349.47,7345.63,7372.89,7268.53,92.21360658,1550.48271023,-0.0289732847271406,-0.1493252508560661,-0.3000359415003927,-0.13702041496780765,-0.05174910861587645,-0.14657410240120267,-0.2506514406870628
801730,2025-02-25,-0.15231949082762813,0.12114342955324653,0.417414281972083,0.5825857180279169,-0.16517143605583387,0.8670291209713263,1.8709090909090909,5300306,22799956846.81,11,3452,0.7953245437928761,7329.82,7250.94,7393.03,7247.54,84.42191151,1442.389694,-0.2673662182443137,-0.13273260205839144,-0.24630666809829915,-0.15136577276833146,0.8899911205155968,-0.14039098715536538,-0.2887273720480804
801730,2025-02-26,-0.07173063664314681,0.0931551677143398,0.4659396433189442,0.5340603566810558,-0.06812071336211162,0.915637259396556,2.5290909090909093,7509262,26962345718.79,11,4167,1.298680341815144,7462.44,7359.32,7464.82,7354.52,94.24227836,1631.69388183,1.8093213748768824,-0.11120601190989195,-0.4737699184149672,-0.13440517600779464,-0.5417557171497898,-0.13443172727417602,-0.4537856427722228
801730,2025-02-27,-0.09228875032088514,0.14597863130430458,0.45340389926929564,0.5465961007307043,-0.09319220146140877,0.8909302682492976,3.075454545454545,6519054,29014980586.15,11,3457,1.581759757248217,7461.49,7481.59,7484.41,7365.69,95.10131217,1671.27771839,-0.012730420613094,-0.10544629259722,-0.15770272712687372,-0.11244343862784123,-0.543345271518098,-0.12392988598832262,-0.5322584906004489
801730,2025-02-28,-0.05505002604686786,0.12370537906249296,0.47457401144797556,0.5254259885520244,-0.050851977104048846,0.889947400798304,3.2154545454545453,6104148,29253983288.72,11,2598,2.2471447871282404,7290.91,7436.23,7483.95,7279.73,93.64130152,1584.95219758,-2.2861385594566186,-0.07302313767029993,-0.638588431803747,-0.09619136241948577,-0.596142163884319,-0.11720383609731619,-0.54991587137532
801750,2025-02-05,-0.02947679044839138,0.10392418042762758,0.4947846064038781,0.5052153935961219,-0.01043078719224379,0.917426236077985,6.163076923076924,10977929,45932728753.72,13,3150,3.5256274121695963,4582.24,4470.48,4608.15,4465.66,104.69786507,2012.41123354,0.0,-0.02947679044839138,,-0.02947679044839138,,-0.02947679044839138,
801750,2025-02-06,-0.02814956440988211,0.08773861087537427,0.48532175814599754,0.5146782418540025,-0.02935648370800489,0.9329821709786825,5.755384615384615,9847123,38515860577.76,13,3099,3.116872772801166,4740.4,4575.32,4743.79,4542.68,128.64810034,2370.45057264,3.451586996752676,-0.028813177429136742,,-0.028813177429136742,,-0.028813177429136742,
801750,2025-02-07,0.0013790495617214105,0.1014832351555226,0.5109382906658501,0.48906170933415,0.021876581331700014,0.9252052204898862,8.405384615384616,14581949,57768109737.020004,13,4920,73.5892588434931,4892.72,4746.05,4976.74,4744.25,160.94186292,3265.19343614,3.2132309509746104,-0.01874910176551736,,-0.01874910176551736,,-0.01874910176551736,
801750,2025-02-10,-0.0029593417571744,0.10936291706414296,0.5060667019109126,0.4939332980890874,0.01213340382182516,0.9291583947852603,7.411538461538461,13784850,50585582812.24,13,4076,36.95514950208503,5086.72,4965.44,5088.23,4949.31,162.12639775,3157.95943258,3.9650746415081928,-0.009909952201778366,-0.8996043425299074,-0.014801661763431619,,-0.014801661763431619,
801750,2025-02-11,0.005515693077988205,0.1413878885773713,0.5053939474672084,0.49460605253279155,0.010787894934416906,0.9021548084513044,5.983846153846154,11607951,42676365749.11,13,3488,25.633748393581964,5031.82,5054.44,5140.27,5000.65,155.2468686,3003.54293924,-1.0792809511826928,0.001311800294178405,-1.195942395330703,-0.010738190795147654,,-0.010738190795147654,
801750,2025-02-12,-0.027215919381402682,0.15301220181063388,0.4922684897699796,0.5077315102300204,-0.015463020460040836,0.9026230710517799,6.105384615384616,12327189,41744395144.89,13,4007,5.622158107772429,5160.6,5017.99,5160.6,5017.99,145.61096916,2869.2420904,2.559312535027103,-0.008219856020196292,-20.735272855190335,-0.010286016581749916,-0.07670004205332603,-0.013484478892856824,
801750,2025-02-13,-0.07239338533435535,0.12626205897195525,0.46320221215293766,0.5367977878470623,-0.07359557569412464,0.8971253710278715,5.920714285714285,16664818,53795913676.38,14,4867,1.744110437560042,5093.94,5151.12,5190.44,5030.85,156.33724938,3139.75251959,-1.291710266248125,-0.031364537212589944,23.4626647661935,-0.019134780766644564,1.5717408724428124,-0.021900036955928043,
801750,2025-02-14,0.01244452549194811,0.06284049243321675,0.5200080901591174,0.4799919098408826,0.040016180318234916,0.9496067021213437,7.585,19914358,61492282192.92,14,5364,5.0496495405852135,5273.09,5081.21,5293.38,5065.64,174.0207578,3414.51911608,3.5169240312999506,-0.02905492640793664,1.2562034029070976,-0.016921685580599227,8.023987126622282,-0.017606966649943524,
801750,2025-02-17,-0.04147719858675441,0.11729624452273635,0.48444314040514513,0.5155568595948549,-0.03111371918970968,0.9090533409871788,8.836428571428572,22546466,74513189749.29001,14,5490,2.82796930649493,5305.95,5388.01,5419.05,5254.62,185.05072137,3767.04869597,0.6231640271643357,-0.033808686143053886,0.5240050503345044,-0.02462525694651523,13.01568388855403,-0.02025921464292251,
801750,2025-02-18,-0.07564496640314387,0.10810636446131443,0.4660154888257031,0.5339845111742969,-0.06796902234859385,0.9122018522104388,6.906428571428571,19184482,62230980022.05,14,4657,1.42912832937449,5112.52,5258.92,5308.76,5096.8,151.85715485,3092.61881064,-3.6455300181871153,-0.03489254649931672,0.04491544432921324,-0.040857388842741635,-14.714498855098485,-0.02579778981894465,
801750,2025-02-19,-0.067720405250571,0.09319814405342754,0.46106959006424086,0.5389304099357591,-0.07786081987151826,0.909930854553272,5.545714285714285,15209304,46864305332.33,14,3456,1.3762195265752888,5249.01,5124.59,5250.28,5110.0,135.50847544,2727.67617881,2.669720607449944,-0.06161419008015643,-6.4417828381152535,-0.04895828601657531,1.4882644713022648,-0.029622151299162607,1.297414481713584
801750,2025-02-20,-0.038238002977071604,0.1841396404745186,0.483087952725925,0.516912047274075,-0.03382409454815009,0.8669789034528128,5.135714285714285,13413527,40272601089.29,14,4069,4.815618655214108,5233.25,5229.41,5278.61,5176.78,132.90990603,2602.90402752,-0.3002470942139568,-0.060534458210262154,-0.0780958145692422,-0.04212720954511856,-0.471802530017543,-0.030630995155881562,0.35838702227477004
801750,2025-02-21,-0.04445792785479243,0.1583697770079015,0.48712070913557054,0.5128792908644295,-0.025758581728858976,0.88591227459938,7.222142857142857,21499042,74777871835.93,14,4787,3.5622392821628037,5440.49,5283.46,5457.55,5213.91,172.81356112,3629.12634489,3.960063058328944,-0.050138778694145014,-0.41228174234545345,-0.05350770021446667,-4.572488793048615,-0.03521469289753294,-33.23809287847308
801750,2025-02-24,-0.0677576948170302,0.14451544146640397,0.47216872251830394,0.527831277481696,-0.05566255496339212,0.8814072645997617,6.255000000000001,16853138,60425556804.020004,14,3956,2.132827007421768,5419.23,5427.24,5490.74,5350.44,152.60054885,3272.35987424,-0.3907736251697935,-0.05015120854963142,0.0005506400370940412,-0.05876379946052183,0.6336130964897995,-0.04169452820351852,21.89620475660294
801750,2025-02-25,-0.14590800154600375,0.10828954759730389,0.4191064081691977,0.5808935918308024,-0.16178718366160466,0.8809704539875829,5.300714285714286,13402066,45818624177.81,14,3400,0.742176895371711,5350.73,5275.08,5452.02,5271.33,148.83765246,3031.66968956,-1.2640172127774574,-0.0860412080726088,2.8157850877697137,-0.0728164064890938,0.9288527509999618,-0.05683689766591772,-27.45324884524254
801750,2025-02-26,-0.10072412348262394,0.18166623210767024,0.4454622508853749,0.5545377491146251,-0.10907549822925018,0.845969688011252,4.765000000000001,14519214,49235691659.9,14,4246,1.803602015350471,5400.5,5367.5,5407.32,5298.92,132.5963172,2784.30331098,0.930153455696714,-0.10479660661521932,1.2656054463808344,-0.07941715013550439,0.48735263928112205,-0.06418771807603985,2.7009267286208694
801750,2025-02-27,-0.11445752421226289,0.09195960971260239,0.4343892410973088,0.5656107589026911,-0.1312215178053823,0.8849103057567845,4.817857142857143,13966874,47673184095.61,14,4383,0.8034387459059673,5298.86,5394.7,5422.35,5205.62,134.6033369,2810.8611929,-1.8820479585223704,-0.1203632164136302,0.6892180957651937,-0.09466105438254264,1.9932924133327332,-0.0683941319638306,0.5810494796400325
801750,2025-02-28,-0.14670020529820116,0.1525540237442457,0.41409516790308976,0.5859048320969101,-0.1718096641938205,0.8427274652422435,4.5321428571428575,12432575,42422078888.89,14,4115,1.039903273714889,5015.04,5256.22,5256.23,4999.61,131.34196686,2521.74617423,-5.356246437913059,-0.12062728433102933,0.005429474352355079,-0.1151095098712244,2.2997535507581537,-0.08430860504284551,-12.78833257990588
801780,2025-02-05,-0.0010187284096896808,0.13417751158291852,0.5454812114108917,0.4545187885891083,0.09096242282178336,0.8428142808790516,0.42066666666666663,20818156,14393275025.0,15,1050,131.71077816882607,3859.74,3933.54,3933.54,3856.1,33.63597757,234.05278818,0.0,-0.0010187284096896808,,-0.0010187284096896808,,-0.0010187284096896808,
801780,2025-02-06,-0.018225851045646592,0.22680417386676208,0.5023630367158078,0.49763696328419205,0.004726073431615837,0.8065249386914572,0.3626666666666667,16820798,11827938102.0,15,760,12.444092366317033,3860.26,3858.23,3884.79,3835.49,29.09022022,208.71591989,0.0134724100587124,-0.009622289727668137,,-0.009622289727668137,,-0.009622289727668137,
801780,2025-02-07,-0.033380722988607295,0.15792533176275564,0.50254712269887,0.4974528773011299,0.00509424539774009,0.8830564500665414,0.45733333333333337,21529993,14851998707.0,15,1217,4.731033890927255,3847.91,3856.02,3859.66,3833.83,36.75629597,256.29564359,-0.3199266370659037,-0.017541767481314523,,-0.017541767481314523,,-0.017541767481314523,
801780,2025-02-10,-0.004542781275091194,0.14797183832033312,0.5057491839221133,0.4942508160778866,0.01149836784422675,0.89876182664886,0.3893333333333333,17514997,13096904410.0,15,911,32.572961223488065,3853.65,3844.95,3883.23,3830.09,29.88880061,219.05012199,0.1491718881158954,-0.018716451769781695,3.4592663087456152,-0.014292020929758691,,-0.014292020929758691,
801780,2025-02-11,0.017772659516489948,0.1828178203373339,0.5199765333192469,0.48002346668075313,0.03995306663849366,0.8669397853685964,0.4993333333333333,20847571,14560018486.0,15,1218,10.28646388953272,3889.5,3858.55,3889.62,3858.55,35.45784981,242.72984928,0.9302868708886304,-0.006716948249069513,-1.9751346849032383,-0.007879084840508963,,-0.007879084840508963,
801780,2025-02-12,0.009667933349458917,0.20825789464404307,0.5236337681626994,0.47636623183730065,0.047267536325398735,0.8468139630581141,0.36333333333333334,17290792,13356977951.0,15,1215,21.541097473091142,3920.99,3890.23,3920.99,3865.43,29.88068441,219.31418116,0.8096156318292858,0.007632603863619224,-1.2896262418509792,-0.005741752488679243,-10.490197051051032,-0.004954581808847649,
801780,2025-02-13,0.03459315675735431,0.1955628680642343,0.5101347988527725,0.48986520114722754,0.020269597705545005,0.8514272639743389,0.3253333333333333,16432789,11981972857.0,15,1200,5.653224117011488,3924.14,3915.57,3939.02,3911.57,29.81755185,214.51426328,0.0803368537027671,0.02067791654110106,-8.614973000578786,0.004822049071920938,-2.89802696569372,0.0006950951291812022,
801780,2025-02-14,-0.04127492465315285,0.15137371163152863,0.4966534236201989,0.5033465763798011,-0.006693152759602265,0.8911958423998626,0.32866666666666666,15923385,12314322344.0,15,1315,3.6674497386384863,3940.76,3925.34,3941.13,3905.79,27.78496343,205.04261647,0.4235322898775262,0.0009953884845534597,-3.322383130946546,0.003243208739011827,0.23648983478398033,-0.004551157343610554,
801780,2025-02-17,0.013965663149604993,0.12031862466595412,0.5255614377251681,0.474438562274832,0.05112287545033604,0.8956914353508002,0.372,17471631,13021326164.0,15,874,8.615317681449108,3929.58,3940.83,3940.83,3903.04,32.79061494,246.10233832,-0.2837016210071263,0.002427965084602152,0.4445344878579047,0.006944897623951065,-4.074253921530625,-0.0024937328443643825,
801780,2025-02-18,-0.01954643184830818,0.1262509005848372,0.4966074586393575,0.5033925413606425,-0.006785082721285026,0.9236796115248399,0.5526666666666668,24461818,17029656323.0,15,3269,6.4590254407872765,3970.95,3920.92,3992.64,3920.92,45.39211271,312.11296816,1.0527842670208898,-0.015618564450618677,-1.5650375299777382,-0.0005189206490085613,-2.0998034272908046,-0.004199002744758762,
801780,2025-02-19,-0.04690440662155168,0.15335699227910482,0.4802559378319692,0.5197440621680308,-0.03948812433606165,0.890109761889821,0.36466666666666664,17223493,12024864354.0,15,1393,3.2695647024482386,3952.61,3963.64,3978.19,3949.64,31.04816946,218.49643641,-0.4618542162454719,-0.017495058440084955,0.13638987873885355,-0.011833388643210681,-5.85154426764607,-0.008787570565944963,45.042111101858275
801780,2025-02-20,-0.09926409566124136,0.1680220530772049,0.4605787851126174,0.5394212148873827,-0.07884242977476523,0.8344620756161547,0.274,13171473,9774806637.0,15,972,1.6926770143619085,3947.61,3951.92,3961.86,3934.31,22.96335264,165.79045063,-0.1264986932684952,-0.05523831137703374,-8.107725182677699,-0.038604839126929816,-3.86947202758934,-0.01689139502750444,4.446335285668401
801780,2025-02-21,-0.014675153262685368,0.10024844270503006,0.4981984764663826,0.5018015235336174,-0.003603047067234818,0.9121502863481538,0.49266666666666664,24788951,17576258235.0,15,1521,6.83116836400834,3898.61,3949.85,3949.85,3890.66,40.4012543,290.32079535,-1.2412573683823869,-0.05361455184849281,-0.24921574553487824,-0.033284884848836314,-0.6444535420474866,-0.015020838054912247,-0.5603704189482672
801780,2025-02-24,-0.07917609892074284,0.11913463664887859,0.470156275633478,0.529843724366522,-0.05968744873304398,0.8935751722005894,0.39066666666666666,20424908,14884143932.0,15,1051,1.5046792942922738,3869.61,3890.09,3900.73,3865.03,33.99522061,246.11713617,-0.7438548610915197,-0.06437178261488986,0.6880311387280813,-0.051913237262905886,-6.669340443957527,-0.02248416981947741,16.4289920923286
801780,2025-02-25,-0.07702264866671746,0.07539581151467863,0.47189975481075064,0.5281002451892494,-0.05620049037849865,0.9222498450453407,0.37733333333333335,18709865,13433701052.0,15,1259,0.9788784574381716,3838.72,3865.34,3874.45,3831.72,31.60278742,227.17323815,-0.7982716604515772,-0.05695796695004856,-0.2240633619473783,-0.06340848062658774,2.9404966218110067,-0.03196370063779815,-5.333771689895583
801780,2025-02-26,-0.12807823096175583,0.12760838195838167,0.43601413465554134,0.5639858653444586,-0.12797173068891732,0.8821442971570189,0.35533333333333333,17974194,12942011772.0,15,1239,0.9963315467441578,3858.59,3842.63,3887.1,3842.63,30.34438825,215.02756471,0.5176204568189569,-0.09475899284973871,7.727556616898946,-0.07964324549462856,1.7306225616530093,-0.04573831706891963,-14.247736236092686
801780,2025-02-27,-0.070522245218199,0.09859168948625331,0.4763652827656516,0.5236347172343484,-0.04726943446869676,0.905011979240889,0.374,19740508,14716706139.0,15,1178,1.3980225555951344,3908.27,3862.36,3909.19,3838.92,33.35821924,245.52905172,1.2875169427174038,-0.09187437494889077,-0.10929881391613594,-0.0738948754060201,-0.2895493103682695,-0.056249857266474954,-3.038618380879807
801780,2025-02-28,-0.07332372143374107,0.08843214227390399,0.4614257742135932,0.5385742257864068,-0.07714845157281355,0.9064350188072879,0.42866666666666664,21858601,16267978653.0,15,1120,1.206050927922632,3884.47,3902.82,3928.16,3884.47,36.11829683,262.48047865,-0.6089650919716472,-0.0906413992045653,-0.04802389033622978,-0.08562458904023124,3.9964535375710106,-0.05945473694453378,0.776471357607678
